id;src;num_pages;page_id;page_width;page_height;col;row;width;height;x1;y1;x2;y2;x3;y3;x4;y4;contents;contents_masked;correctclass;tag;description;alphabetic;numeric;symbolic;feature;rdt;rdr;rdb;rdl;f1;f2;f3;f4;f5;f6;f7;f8;f9;f10;f11
51824;darty25.tiff;1;1;2480;3508;445;162;54;43;445;162;499;162;499;205;445;205;UN;AA;SN;SUPPLIER_NAME;Seller/Company) name;2;0;0;[0.046180159635119726, 0.17943548387096775, 0.021774193548387097, 0.01225769669327252, 1.0, 0.0, 0.0];;0.004435483870967742;0.009692132269099202;;0.046180159635119726;0.17943548387096775;0.021774193548387097;0.01225769669327252;1.0;0.0;0.0;;0.004435483870967742;0.009692132269099202;
51825;darty25.tiff;1;1;2480;3508;510;162;102;43;510;162;612;162;612;205;510;205;JOUR;AAAA;SN;SUPPLIER_NAME;Seller/Company) name;4;0;0;[0.046180159635119726, 0.2056451612903226, 0.04112903225806452, 0.01225769669327252, 1.0, 0.0, 0.0];;0.004032258064516129;;-0.004435483870967742;0.046180159635119726;0.2056451612903226;0.04112903225806452;0.01225769669327252;1.0;0.0;0.0;;0.004032258064516129;;-0.004435483870967742
51826;darty25.tiff;1;1;2480;3508;622;162;181;43;622;162;803;162;803;205;622;205;AILLEURS;AAAAAAAA;SN;SUPPLIER_NAME;Seller/Company) name;8;0;0;[0.046180159635119726, 0.2508064516129032, 0.07298387096774193, 0.01225769669327252, 1.0, 0.0, 0.0];;;0.009692132269099202;-0.004032258064516129;0.046180159635119726;0.2508064516129032;0.07298387096774193;0.01225769669327252;1.0;0.0;0.0;;;0.009692132269099202;-0.004032258064516129
51856;darty25.tiff;1;1;2480;3508;1375;208;104;43;1375;208;1479;208;1479;251;1375;251;IMANI;AAAAA;SHN;SHIPPING_NAME;Shipping Name;5;0;0;[0.059293044469783354, 0.5544354838709677, 0.041935483870967745, 0.01225769669327252, 1.0, 0.0, 0.0];;0.004032258064516129;0.07041049030786774;-0.22862903225806452;0.059293044469783354;0.5544354838709677;0.041935483870967745;0.01225769669327252;1.0;0.0;0.0;;0.004032258064516129;0.07041049030786774;-0.22862903225806452
51857;darty25.tiff;1;1;2480;3508;1489;208;133;43;1489;208;1622;208;1622;251;1489;251;GRADY;AAAAA;SHN;SHIPPING_NAME;Shipping Name;5;0;0;[0.059293044469783354, 0.6004032258064517, 0.053629032258064514, 0.01225769669327252, 1.0, 0.0, 0.0];;;0.07041049030786774;-0.004032258064516129;0.059293044469783354;0.6004032258064517;0.053629032258064514;0.01225769669327252;1.0;0.0;0.0;;;0.07041049030786774;-0.004032258064516129
51827;darty25.tiff;1;1;2480;3508;445;239;143;43;445;239;588;239;588;282;445;282;Services;AAAAAAAA;undefined;OTHER;OTHER;8;0;0;[0.06812998859749145, 0.17943548387096775, 0.05766129032258065, 0.01225769669327252, 1.0, 0.0, 0.0];-0.009692132269099202;0.004838709677419355;0.03164196123147092;;0.06812998859749145;0.17943548387096775;0.05766129032258065;0.01225769669327252;1.0;0.0;0.0;-0.009692132269099202;0.004838709677419355;0.03164196123147092;
51828;darty25.tiff;1;1;2480;3508;600;239;208;43;600;239;808;239;808;282;600;282;Comptabilité;AAAAAAAAAAAA;undefined;OTHER;OTHER;12;0;0;[0.06812998859749145, 0.24193548387096775, 0.08387096774193549, 0.01225769669327252, 1.0, 0.0, 0.0];-0.009692132269099202;0.22862903225806452;0.03164196123147092;-0.004838709677419355;0.06812998859749145;0.24193548387096775;0.08387096774193549;0.01225769669327252;1.0;0.0;0.0;-0.009692132269099202;0.22862903225806452;0.03164196123147092;-0.004838709677419355
51858;darty25.tiff;1;1;2480;3508;1375;252;31;43;1375;252;1406;252;1406;295;1375;295;6,;NS;SHA;SHIPPING_ADDRESS;Shipping Address;0;1;1;[0.07183580387685291, 0.5544354838709677, 0.0125, 0.01225769669327252, 0.0, 0.5, 0.5];;0.004032258064516129;;;0.07183580387685291;0.5544354838709677;0.0125;0.01225769669327252;0.0;0.5;0.5;;0.004032258064516129;;
51859;darty25.tiff;1;1;2480;3508;1416;252;147;43;1416;252;1563;252;1563;295;1416;295;CHEMIN;AAAAAA;SHA;SHIPPING_ADDRESS;Shipping Address;6;0;0;[0.07183580387685291, 0.5709677419354838, 0.059274193548387095, 0.01225769669327252, 1.0, 0.0, 0.0];;0.004838709677419355;;-0.004032258064516129;0.07183580387685291;0.5709677419354838;0.059274193548387095;0.01225769669327252;1.0;0.0;0.0;;0.004838709677419355;;-0.004032258064516129
51860;darty25.tiff;1;1;2480;3508;1575;252;52;43;1575;252;1627;252;1627;295;1575;295;DE;AA;SHA;SHIPPING_ADDRESS;Shipping Address;2;0;0;[0.07183580387685291, 0.6350806451612904, 0.020967741935483872, 0.01225769669327252, 1.0, 0.0, 0.0];;0.004032258064516129;;-0.004838709677419355;0.07183580387685291;0.6350806451612904;0.020967741935483872;0.01225769669327252;1.0;0.0;0.0;;0.004032258064516129;;-0.004838709677419355
51861;darty25.tiff;1;1;2480;3508;1637;252;175;43;1637;252;1812;252;1812;295;1637;295;PUISIEUX;AAAAAAAA;SHA;SHIPPING_ADDRESS;Shipping Address;8;0;0;[0.07183580387685291, 0.6600806451612903, 0.07056451612903226, 0.01225769669327252, 1.0, 0.0, 0.0];;;0.08266818700114024;-0.004032258064516129;0.07183580387685291;0.6600806451612903;0.07056451612903226;0.01225769669327252;1.0;0.0;0.0;;;0.08266818700114024;-0.004032258064516129
51862;darty25.tiff;1;1;2480;3508;1375;295;104;43;1375;295;1479;295;1479;338;1375;338;02120;NNNNN;SHA;SHIPPING_ADDRESS;Shipping Address;0;5;0;[0.08409350057012542, 0.5544354838709677, 0.041935483870967745, 0.01225769669327252, 0.0, 1.0, 0.0];;0.004032258064516129;;-0.2806451612903226;0.08409350057012542;0.5544354838709677;0.041935483870967745;0.01225769669327252;0.0;1.0;0.0;;0.004032258064516129;;-0.2806451612903226
51863;darty25.tiff;1;1;2480;3508;1489;295;206;43;1489;295;1695;295;1695;338;1489;338;COLONFAY;AAAAAAAA;SHA;SHIPPING_ADDRESS;Shipping Address;8;0;0;[0.08409350057012542, 0.6004032258064517, 0.08306451612903226, 0.01225769669327252, 1.0, 0.0, 0.0];;;;-0.004032258064516129;0.08409350057012542;0.6004032258064517;0.08306451612903226;0.01225769669327252;1.0;0.0;0.0;;;;-0.004032258064516129
51829;darty25.tiff;1;1;2480;3508;445;316;72;43;445;316;517;316;517;359;445;359;TSA;AAA;undefined;OTHER;OTHER;3;0;0;[0.09007981755986318, 0.17943548387096775, 0.02903225806451613, 0.01225769669327252, 1.0, 0.0, 0.0];;0.004838709677419355;;;0.09007981755986318;0.17943548387096775;0.02903225806451613;0.01225769669327252;1.0;0.0;0.0;;0.004838709677419355;;
51830;darty25.tiff;1;1;2480;3508;529;316;77;43;529;316;606;316;606;359;529;359;n°80;ASNN;undefined;OTHER;OTHER;1;2;1;[0.09007981755986318, 0.21330645161290324, 0.031048387096774193, 0.01225769669327252, 0.25, 0.5, 0.25];;0.004435483870967742;;-0.004838709677419355;0.09007981755986318;0.21330645161290324;0.031048387096774193;0.01225769669327252;0.25;0.5;0.25;;0.004435483870967742;;-0.004838709677419355
51831;darty25.tiff;1;1;2480;3508;617;316;62;43;617;316;679;316;679;359;617;359;004;NNN;undefined;OTHER;OTHER;0;3;0;[0.09007981755986318, 0.24879032258064515, 0.025, 0.01225769669327252, 0.0, 1.0, 0.0];;0.2806451612903226;;-0.004435483870967742;0.09007981755986318;0.24879032258064515;0.025;0.01225769669327252;0.0;1.0;0.0;;0.2806451612903226;;-0.004435483870967742
51864;darty25.tiff;1;1;2480;3508;1375;338;154;43;1375;338;1529;338;1529;381;1375;381;FRANCE;AAAAAA;SHA;SHIPPING_ADDRESS;Shipping Address;6;0;0;[0.09635119726339794, 0.5544354838709677, 0.062096774193548386, 0.01225769669327252, 1.0, 0.0, 0.0];;;;;0.09635119726339794;0.5544354838709677;0.062096774193548386;0.01225769669327252;1.0;0.0;0.0;;;;
51832;darty25.tiff;1;1;2480;3508;445;393;104;43;445;393;549;393;549;436;445;436;35760;NNNNN;SA;SUPPLIER_ADDRESS;Seller Address;0;5;0;[0.11202964652223489, 0.17943548387096775, 0.041935483870967745, 0.01225769669327252, 0.0, 1.0, 0.0];-0.03164196123147092;0.004435483870967742;0.009407069555302166;;0.11202964652223489;0.17943548387096775;0.041935483870967745;0.01225769669327252;0.0;1.0;0.0;-0.03164196123147092;0.004435483870967742;0.009407069555302166;
51833;darty25.tiff;1;1;2480;3508;560;393;12;43;560;393;572;393;572;436;560;436;-;S;SA;SUPPLIER_ADDRESS;Seller Address;0;0;1;[0.11202964652223489, 0.22580645161290322, 0.004838709677419355, 0.01225769669327252, 0.0, 0.0, 1.0];;0.004435483870967742;0.009407069555302166;-0.004435483870967742;0.11202964652223489;0.22580645161290322;0.004838709677419355;0.01225769669327252;0.0;0.0;1.0;;0.004435483870967742;0.009407069555302166;-0.004435483870967742
51834;darty25.tiff;1;1;2480;3508;583;393;110;43;583;393;693;393;693;436;583;436;SAINT;AAAAA;SA;SUPPLIER_ADDRESS;Seller Address;5;0;0;[0.11202964652223489, 0.23508064516129032, 0.04435483870967742, 0.01225769669327252, 1.0, 0.0, 0.0];-0.03164196123147092;0.004435483870967742;0.009407069555302166;-0.004435483870967742;0.11202964652223489;0.23508064516129032;0.04435483870967742;0.01225769669327252;1.0;0.0;0.0;-0.03164196123147092;0.004435483870967742;0.009407069555302166;-0.004435483870967742
51835;darty25.tiff;1;1;2480;3508;704;393;202;43;704;393;906;393;906;436;704;436;GREGOIRE;AAAAAAAA;SA;SUPPLIER_ADDRESS;Seller Address;8;0;0;[0.11202964652223489, 0.2838709677419355, 0.0814516129032258, 0.01225769669327252, 1.0, 0.0, 0.0];;;0.009407069555302166;-0.004435483870967742;0.11202964652223489;0.2838709677419355;0.0814516129032258;0.01225769669327252;1.0;0.0;0.0;;;0.009407069555302166;-0.004435483870967742
51836;darty25.tiff;1;1;2480;3508;445;469;108;43;445;469;553;469;553;512;445;512;Phone;AAAAA;SCN;SUPPLIER_CONTACT_NUMBER;Seller Contact Number;5;0;0;[0.13369441277080957, 0.17943548387096775, 0.043548387096774194, 0.01225769669327252, 1.0, 0.0, 0.0];-0.009407069555302166;0.004435483870967742;0.009692132269099202;;0.13369441277080957;0.17943548387096775;0.043548387096774194;0.01225769669327252;1.0;0.0;0.0;-0.009407069555302166;0.004435483870967742;0.009692132269099202;
51837;darty25.tiff;1;1;2480;3508;564;469;10;43;564;469;574;469;574;512;564;512;:;S;SCN;SUPPLIER_CONTACT_NUMBER;Seller Contact Number;0;0;1;[0.13369441277080957, 0.22741935483870968, 0.004032258064516129, 0.01225769669327252, 0.0, 0.0, 1.0];-0.009407069555302166;0.008467741935483872;0.009692132269099202;-0.004435483870967742;0.13369441277080957;0.22741935483870968;0.004032258064516129;0.01225769669327252;0.0;0.0;1.0;-0.009407069555302166;0.008467741935483872;0.009692132269099202;-0.004435483870967742
51839;darty25.tiff;1;1;2480;3508;595;469;63;43;595;469;658;469;658;512;595;512;+33;SNN;SCN;SUPPLIER_CONTACT_NUMBER;Seller Contact Number;0;2;1;[0.13369441277080957, 0.2399193548387097, 0.025403225806451612, 0.01225769669327252, 0.0, 0.6666666666666666, 0.3333333333333333];-0.009407069555302166;0.004435483870967742;;-0.008467741935483872;0.13369441277080957;0.2399193548387097;0.025403225806451612;0.01225769669327252;0.0;0.6666666666666666;0.3333333333333333;-0.009407069555302166;0.004435483870967742;;-0.008467741935483872
51840;darty25.tiff;1;1;2480;3508;669;469;45;43;669;469;714;469;714;512;669;512;(0);SNS;SCN;SUPPLIER_CONTACT_NUMBER;Seller Contact Number;0;1;2;[0.13369441277080957, 0.26975806451612905, 0.018145161290322582, 0.01225769669327252, 0.0, 0.3333333333333333, 0.6666666666666666];-0.009407069555302166;0.004838709677419355;0.009692132269099202;-0.004435483870967742;0.13369441277080957;0.26975806451612905;0.018145161290322582;0.01225769669327252;0.0;0.3333333333333333;0.6666666666666666;-0.009407069555302166;0.004838709677419355;0.009692132269099202;-0.004435483870967742
51841;darty25.tiff;1;1;2480;3508;726;469;20;43;726;469;746;469;746;512;726;512;6;N;SCN;SUPPLIER_CONTACT_NUMBER;Seller Contact Number;0;1;0;[0.13369441277080957, 0.29274193548387095, 0.008064516129032258, 0.01225769669327252, 0.0, 1.0, 0.0];;0.004435483870967742;0.009692132269099202;-0.004838709677419355;0.13369441277080957;0.29274193548387095;0.008064516129032258;0.01225769669327252;0.0;1.0;0.0;;0.004435483870967742;0.009692132269099202;-0.004838709677419355
51842;darty25.tiff;1;1;2480;3508;757;469;41;43;757;469;798;469;798;512;757;512;36;NN;SCN;SUPPLIER_CONTACT_NUMBER;Seller Contact Number;0;2;0;[0.13369441277080957, 0.30524193548387096, 0.01653225806451613, 0.01225769669327252, 0.0, 1.0, 0.0];;0.004435483870967742;0.009692132269099202;-0.004435483870967742;0.13369441277080957;0.30524193548387096;0.01653225806451613;0.01225769669327252;0.0;1.0;0.0;;0.004435483870967742;0.009692132269099202;-0.004435483870967742
51843;darty25.tiff;1;1;2480;3508;809;469;41;43;809;469;850;469;850;512;809;512;22;NN;SCN;SUPPLIER_CONTACT_NUMBER;Seller Contact Number;0;2;0;[0.13369441277080957, 0.32620967741935486, 0.01653225806451613, 0.01225769669327252, 0.0, 1.0, 0.0];;0.004435483870967742;0.009692132269099202;-0.004435483870967742;0.13369441277080957;0.32620967741935486;0.01653225806451613;0.01225769669327252;0.0;1.0;0.0;;0.004435483870967742;0.009692132269099202;-0.004435483870967742
51844;darty25.tiff;1;1;2480;3508;861;469;41;43;861;469;902;469;902;512;861;512;80;NN;SCN;SUPPLIER_CONTACT_NUMBER;Seller Contact Number;0;2;0;[0.13369441277080957, 0.3471774193548387, 0.01653225806451613, 0.01225769669327252, 0.0, 1.0, 0.0];;0.004435483870967742;0.009692132269099202;-0.004435483870967742;0.13369441277080957;0.3471774193548387;0.01653225806451613;0.01225769669327252;0.0;1.0;0.0;;0.004435483870967742;0.009692132269099202;-0.004435483870967742
51845;darty25.tiff;1;1;2480;3508;913;469;41;43;913;469;954;469;954;512;913;512;02;NN;SCN;SUPPLIER_CONTACT_NUMBER;Seller Contact Number;0;2;0;[0.13369441277080957, 0.3681451612903226, 0.01653225806451613, 0.01225769669327252, 0.0, 1.0, 0.0];;0.16975806451612904;0.23346636259977194;-0.004435483870967742;0.13369441277080957;0.3681451612903226;0.01653225806451613;0.01225769669327252;0.0;1.0;0.0;;0.16975806451612904;0.23346636259977194;-0.004435483870967742
51865;darty25.tiff;1;1;2480;3508;1375;498;104;43;1375;498;1479;498;1479;541;1375;541;IMANI;AAAAA;BN;BILLING_NAME;Billing Name;5;0;0;[0.1419612314709236, 0.5544354838709677, 0.041935483870967745, 0.01225769669327252, 1.0, 0.0, 0.0];-0.07041049030786774;0.004032258064516129;0.00028506271379703536;-0.16975806451612904;0.1419612314709236;0.5544354838709677;0.041935483870967745;0.01225769669327252;1.0;0.0;0.0;-0.07041049030786774;0.004032258064516129;0.00028506271379703536;-0.16975806451612904
51866;darty25.tiff;1;1;2480;3508;1489;498;133;43;1489;498;1622;498;1622;541;1489;541;GRADY;AAAAA;BN;BILLING_NAME;Billing Name;5;0;0;[0.1419612314709236, 0.6004032258064517, 0.053629032258064514, 0.01225769669327252, 1.0, 0.0, 0.0];-0.07041049030786774;;0.024800456100342077;-0.004032258064516129;0.1419612314709236;0.6004032258064517;0.053629032258064514;0.01225769669327252;1.0;0.0;0.0;-0.07041049030786774;;0.024800456100342077;-0.004032258064516129
51867;darty25.tiff;1;1;2480;3508;1375;542;31;43;1375;542;1406;542;1406;585;1375;585;6,;NS;BA;BILLING_ADDRESS;Billing Address;0;1;1;[0.15450399087799316, 0.5544354838709677, 0.0125, 0.01225769669327252, 0.0, 0.5, 0.5];-0.00028506271379703536;0.004032258064516129;0.21265678449258837;-0.18830645161290321;0.15450399087799316;0.5544354838709677;0.0125;0.01225769669327252;0.0;0.5;0.5;-0.00028506271379703536;0.004032258064516129;0.21265678449258837;-0.18830645161290321
51868;darty25.tiff;1;1;2480;3508;1416;542;147;43;1416;542;1563;542;1563;585;1416;585;CHEMIN;AAAAAA;BA;BILLING_ADDRESS;Billing Address;6;0;0;[0.15450399087799316, 0.5709677419354838, 0.059274193548387095, 0.01225769669327252, 1.0, 0.0, 0.0];;0.004838709677419355;;-0.004032258064516129;0.15450399087799316;0.5709677419354838;0.059274193548387095;0.01225769669327252;1.0;0.0;0.0;;0.004838709677419355;;-0.004032258064516129
51869;darty25.tiff;1;1;2480;3508;1575;542;52;43;1575;542;1627;542;1627;585;1575;585;DE;AA;BA;BILLING_ADDRESS;Billing Address;2;0;0;[0.15450399087799316, 0.6350806451612904, 0.020967741935483872, 0.01225769669327252, 1.0, 0.0, 0.0];;0.004032258064516129;;-0.004838709677419355;0.15450399087799316;0.6350806451612904;0.020967741935483872;0.01225769669327252;1.0;0.0;0.0;;0.004032258064516129;;-0.004838709677419355
51870;darty25.tiff;1;1;2480;3508;1637;542;175;43;1637;542;1812;542;1812;585;1637;585;PUISIEUX;AAAAAAAA;BA;BILLING_ADDRESS;Billing Address;8;0;0;[0.15450399087799316, 0.6600806451612903, 0.07056451612903226, 0.01225769669327252, 1.0, 0.0, 0.0];;;0.16676168757126567;-0.004032258064516129;0.15450399087799316;0.6600806451612903;0.07056451612903226;0.01225769669327252;1.0;0.0;0.0;;;0.16676168757126567;-0.004032258064516129
51846;darty25.tiff;1;1;2480;3508;445;546;62;43;445;546;507;546;507;589;445;589;Fax;AAA;SFAX;SUPPLIER_FAX_NUMBER;Seller Fax Number;3;0;0;[0.1556442417331813, 0.17943548387096775, 0.025, 0.01225769669327252, 1.0, 0.0, 0.0];-0.009692132269099202;0.004435483870967742;0.06955530216647662;;0.1556442417331813;0.17943548387096775;0.025;0.01225769669327252;1.0;0.0;0.0;-0.009692132269099202;0.004435483870967742;0.06955530216647662;
51847;darty25.tiff;1;1;2480;3508;518;546;10;43;518;546;528;546;528;589;518;589;:;S;SFAX;SUPPLIER_FAX_NUMBER;Seller Fax Number;0;0;1;[0.1556442417331813, 0.20887096774193548, 0.004032258064516129, 0.01225769669327252, 0.0, 0.0, 1.0];;0.008870967741935484;0.06955530216647662;-0.004435483870967742;0.1556442417331813;0.20887096774193548;0.004032258064516129;0.01225769669327252;0.0;0.0;1.0;;0.008870967741935484;0.06955530216647662;-0.004435483870967742
51849;darty25.tiff;1;1;2480;3508;550;546;63;43;550;546;613;546;613;589;550;589;+33;SNN;SFAX;SUPPLIER_FAX_NUMBER;Seller Fax Number;0;2;1;[0.1556442417331813, 0.2217741935483871, 0.025403225806451612, 0.01225769669327252, 0.0, 0.6666666666666666, 0.3333333333333333];-0.009692132269099202;0.004435483870967742;0.043614595210946405;-0.008870967741935484;0.1556442417331813;0.2217741935483871;0.025403225806451612;0.01225769669327252;0.0;0.6666666666666666;0.3333333333333333;-0.009692132269099202;0.004435483870967742;0.043614595210946405;-0.008870967741935484
51850;darty25.tiff;1;1;2480;3508;624;546;45;43;624;546;669;546;669;589;624;589;(0);SNS;SFAX;SUPPLIER_FAX_NUMBER;Seller Fax Number;0;1;2;[0.1556442417331813, 0.25161290322580643, 0.018145161290322582, 0.01225769669327252, 0.0, 0.3333333333333333, 0.6666666666666666];;0.004435483870967742;;-0.004435483870967742;0.1556442417331813;0.25161290322580643;0.018145161290322582;0.01225769669327252;0.0;0.3333333333333333;0.6666666666666666;;0.004435483870967742;;-0.004435483870967742
51851;darty25.tiff;1;1;2480;3508;680;546;20;43;680;546;700;546;700;589;680;589;6;N;SFAX;SUPPLIER_FAX_NUMBER;Seller Fax Number;0;1;0;[0.1556442417331813, 0.27419354838709675, 0.008064516129032258, 0.01225769669327252, 0.0, 1.0, 0.0];-0.009692132269099202;0.004435483870967742;;-0.004435483870967742;0.1556442417331813;0.27419354838709675;0.008064516129032258;0.01225769669327252;0.0;1.0;0.0;-0.009692132269099202;0.004435483870967742;;-0.004435483870967742
51852;darty25.tiff;1;1;2480;3508;711;546;41;43;711;546;752;546;752;589;711;589;36;NN;SFAX;SUPPLIER_FAX_NUMBER;Seller Fax Number;0;2;0;[0.1556442417331813, 0.28669354838709676, 0.01653225806451613, 0.01225769669327252, 0.0, 1.0, 0.0];-0.009692132269099202;0.004435483870967742;;-0.004435483870967742;0.1556442417331813;0.28669354838709676;0.01653225806451613;0.01225769669327252;0.0;1.0;0.0;-0.009692132269099202;0.004435483870967742;;-0.004435483870967742
51853;darty25.tiff;1;1;2480;3508;763;546;41;43;763;546;804;546;804;589;763;589;22;NN;SFAX;SUPPLIER_FAX_NUMBER;Seller Fax Number;0;2;0;[0.1556442417331813, 0.30766129032258066, 0.01653225806451613, 0.01225769669327252, 0.0, 1.0, 0.0];-0.009692132269099202;0.004435483870967742;0.06955530216647662;-0.004435483870967742;0.1556442417331813;0.30766129032258066;0.01653225806451613;0.01225769669327252;0.0;1.0;0.0;-0.009692132269099202;0.004435483870967742;0.06955530216647662;-0.004435483870967742
51854;darty25.tiff;1;1;2480;3508;815;546;41;43;815;546;856;546;856;589;815;589;86;NN;SFAX;SUPPLIER_FAX_NUMBER;Seller Fax Number;0;2;0;[0.1556442417331813, 0.3286290322580645, 0.01653225806451613, 0.01225769669327252, 0.0, 1.0, 0.0];-0.009692132269099202;0.004435483870967742;0.06955530216647662;-0.004435483870967742;0.1556442417331813;0.3286290322580645;0.01653225806451613;0.01225769669327252;0.0;1.0;0.0;-0.009692132269099202;0.004435483870967742;0.06955530216647662;-0.004435483870967742
51855;darty25.tiff;1;1;2480;3508;867;546;41;43;867;546;908;546;908;589;867;589;02;NN;SFAX;SUPPLIER_FAX_NUMBER;Seller Fax Number;0;2;0;[0.1556442417331813, 0.3495967741935484, 0.01653225806451613, 0.01225769669327252, 0.0, 1.0, 0.0];-0.009692132269099202;0.18830645161290321;;-0.004435483870967742;0.1556442417331813;0.3495967741935484;0.01653225806451613;0.01225769669327252;0.0;1.0;0.0;-0.009692132269099202;0.18830645161290321;;-0.004435483870967742
51871;darty25.tiff;1;1;2480;3508;1375;585;104;43;1375;585;1479;585;1479;628;1375;628;02120;NNNNN;BA;BILLING_ADDRESS;Billing Address;0;5;0;[0.16676168757126567, 0.5544354838709677, 0.041935483870967745, 0.01225769669327252, 0.0, 1.0, 0.0];;0.004032258064516129;;;0.16676168757126567;0.5544354838709677;0.041935483870967745;0.01225769669327252;0.0;1.0;0.0;;0.004032258064516129;;
51872;darty25.tiff;1;1;2480;3508;1489;585;206;43;1489;585;1695;585;1695;628;1489;628;COLONFAY;AAAAAAAA;BA;BILLING_ADDRESS;Billing Address;8;0;0;[0.16676168757126567, 0.6004032258064517, 0.08306451612903226, 0.01225769669327252, 1.0, 0.0, 0.0];-0.08266818700114024;;;-0.004032258064516129;0.16676168757126567;0.6004032258064517;0.08306451612903226;0.01225769669327252;1.0;0.0;0.0;-0.08266818700114024;;;-0.004032258064516129
51873;darty25.tiff;1;1;2480;3508;1375;628;154;43;1375;628;1529;628;1529;671;1375;671;FRANCE;AAAAAA;BA;BILLING_ADDRESS;Billing Address;6;0;0;[0.1790193842645382, 0.5544354838709677, 0.062096774193548386, 0.01225769669327252, 1.0, 0.0, 0.0];-0.024800456100342077;;0.14224629418472065;;0.1790193842645382;0.5544354838709677;0.062096774193548386;0.01225769669327252;1.0;0.0;0.0;-0.024800456100342077;;0.14224629418472065;
51874;darty25.tiff;1;1;2480;3508;566;742;179;44;566;742;745;742;745;786;566;786;FACTURE;AAAAAAA;undefined;OTHER;OTHER;7;0;0;[0.21151653363740022, 0.22822580645161292, 0.0721774193548387, 0.012542759407069556, 1.0, 0.0, 0.0];-0.043614595210946405;;;;0.21151653363740022;0.22822580645161292;0.0721774193548387;0.012542759407069556;1.0;0.0;0.0;-0.043614595210946405;;;
51875;darty25.tiff;1;1;2480;3508;424;833;42;44;424;833;466;833;466;877;424;877;N°;AS;undefined;OTHER;OTHER;1;0;1;[0.23745724059293044, 0.17096774193548386, 0.016935483870967744, 0.012542759407069556, 0.5, 0.0, 0.5];-0.06955530216647662;0.0004032258064516129;0.043329532497149374;;0.23745724059293044;0.17096774193548386;0.016935483870967744;0.012542759407069556;0.5;0.0;0.5;-0.06955530216647662;0.0004032258064516129;0.043329532497149374;
51876;darty25.tiff;1;1;2480;3508;467;833;158;44;467;833;625;833;625;877;467;877;INV-4855;AAASNNNN;IN;INVOICE_NUMBER;Invoice Number;3;4;1;[0.23745724059293044, 0.18830645161290321, 0.06370967741935483, 0.012542759407069556, 0.375, 0.5, 0.125];-0.06955530216647662;0.004032258064516129;;-0.0004032258064516129;0.23745724059293044;0.18830645161290321;0.06370967741935483;0.012542759407069556;0.375;0.5;0.125;-0.06955530216647662;0.004032258064516129;;-0.0004032258064516129
51878;darty25.tiff;1;1;2480;3508;635;833;45;44;635;833;680;833;680;877;635;877;du;AA;undefined;OTHER;OTHER;2;0;0;[0.23745724059293044, 0.2560483870967742, 0.018145161290322582, 0.012542759407069556, 1.0, 0.0, 0.0];;0.004838709677419355;0.043329532497149374;-0.004032258064516129;0.23745724059293044;0.2560483870967742;0.018145161290322582;0.012542759407069556;1.0;0.0;0.0;;0.004838709677419355;0.043329532497149374;-0.004032258064516129
51879;darty25.tiff;1;1;2480;3508;692;833;41;44;692;833;733;833;733;877;692;877;23;NN;IDATE;INVOICE_DATE;Invoice Date;0;2;0;[0.23745724059293044, 0.27903225806451615, 0.01653225806451613, 0.012542759407069556, 0.0, 1.0, 0.0];;0.004435483870967742;;-0.004838709677419355;0.23745724059293044;0.27903225806451615;0.01653225806451613;0.012542759407069556;0.0;1.0;0.0;;0.004435483870967742;;-0.004838709677419355
51880;darty25.tiff;1;1;2480;3508;744;833;64;44;744;833;808;833;808;877;744;877;dic,;AAAS;IDATE;INVOICE_DATE;Invoice Date;3;0;1;[0.23745724059293044, 0.3, 0.025806451612903226, 0.012542759407069556, 0.75, 0.0, 0.25];-0.06955530216647662;0.004435483870967742;0.043329532497149374;-0.004435483870967742;0.23745724059293044;0.3;0.025806451612903226;0.012542759407069556;0.75;0.0;0.25;-0.06955530216647662;0.004435483870967742;0.043329532497149374;-0.004435483870967742
51881;darty25.tiff;1;1;2480;3508;819;833;83;44;819;833;902;833;902;877;819;877;1988;NNNN;IDATE;INVOICE_DATE;Invoice Date;0;4;0;[0.23745724059293044, 0.330241935483871, 0.03346774193548387, 0.012542759407069556, 0.0, 1.0, 0.0];-0.06955530216647662;;0.12941847206385404;-0.004435483870967742;0.23745724059293044;0.330241935483871;0.03346774193548387;0.012542759407069556;0.0;1.0;0.0;-0.06955530216647662;;0.12941847206385404;-0.004435483870967742
51882;darty25.tiff;1;1;2480;3508;175;1029;102;44;175;1029;277;1029;277;1073;175;1073;Order;AAAAA;undefined;OTHER;OTHER;5;0;0;[0.2933295324971494, 0.07056451612903226, 0.04112903225806452, 0.012542759407069556, 1.0, 0.0, 0.0];;0.004032258064516129;0.02765108323831243;;0.2933295324971494;0.07056451612903226;0.04112903225806452;0.012542759407069556;1.0;0.0;0.0;;0.004032258064516129;0.02765108323831243;
51883;darty25.tiff;1;1;2480;3508;287;1029;60;44;287;1029;347;1029;347;1073;287;1073;No.;AAS;undefined;OTHER;OTHER;2;0;1;[0.2933295324971494, 0.1157258064516129, 0.024193548387096774, 0.012542759407069556, 0.6666666666666666, 0.0, 0.3333333333333333];;0.004435483870967742;;-0.004032258064516129;0.2933295324971494;0.1157258064516129;0.024193548387096774;0.012542759407069556;0.6666666666666666;0.0;0.3333333333333333;;0.004435483870967742;;-0.004032258064516129
51884;darty25.tiff;1;1;2480;3508;358;1029;162;44;358;1029;520;1029;520;1073;358;1073;COM-266;AAASNNN;ONUM;ORDER_NUMBER;Order Number;3;3;1;[0.2933295324971494, 0.1443548387096774, 0.06532258064516129, 0.012542759407069556, 0.42857142857142855, 0.42857142857142855, 0.14285714285714285];-0.043329532497149374;0.004435483870967742;0.02765108323831243;-0.004435483870967742;0.2933295324971494;0.1443548387096774;0.06532258064516129;0.012542759407069556;0.42857142857142855;0.42857142857142855;0.14285714285714285;-0.043329532497149374;0.004435483870967742;0.02765108323831243;-0.004435483870967742
51886;darty25.tiff;1;1;2480;3508;531;1029;45;44;531;1029;576;1029;576;1073;531;1073;du;AA;undefined;OTHER;OTHER;2;0;0;[0.2933295324971494, 0.21411290322580645, 0.018145161290322582, 0.012542759407069556, 1.0, 0.0, 0.0];;0.004435483870967742;0.02765108323831243;-0.004435483870967742;0.2933295324971494;0.21411290322580645;0.018145161290322582;0.012542759407069556;1.0;0.0;0.0;;0.004435483870967742;0.02765108323831243;-0.004435483870967742
51887;darty25.tiff;1;1;2480;3508;587;1029;41;44;587;1029;628;1029;628;1073;587;1073;23;NN;IDATE;INVOICE_DATE;Invoice Date;0;2;0;[0.2933295324971494, 0.23669354838709677, 0.01653225806451613, 0.012542759407069556, 0.0, 1.0, 0.0];;0.004435483870967742;;-0.004435483870967742;0.2933295324971494;0.23669354838709677;0.01653225806451613;0.012542759407069556;0.0;1.0;0.0;;0.004435483870967742;;-0.004435483870967742
51888;darty25.tiff;1;1;2480;3508;639;1029;64;44;639;1029;703;1029;703;1073;639;1073;dic,;AAAS;IDATE;INVOICE_DATE;Invoice Date;3;0;1;[0.2933295324971494, 0.25766129032258067, 0.025806451612903226, 0.012542759407069556, 0.75, 0.0, 0.25];-0.043329532497149374;0.004435483870967742;0.07354618015963511;-0.004435483870967742;0.2933295324971494;0.25766129032258067;0.025806451612903226;0.012542759407069556;0.75;0.0;0.25;-0.043329532497149374;0.004435483870967742;0.07354618015963511;-0.004435483870967742
51889;darty25.tiff;1;1;2480;3508;714;1029;83;44;714;1029;797;1029;797;1073;714;1073;1988;NNNN;IDATE;INVOICE_DATE;Invoice Date;0;4;0;[0.2933295324971494, 0.2879032258064516, 0.03346774193548387, 0.012542759407069556, 0.0, 1.0, 0.0];-0.043329532497149374;;;-0.004435483870967742;0.2933295324971494;0.2879032258064516;0.03346774193548387;0.012542759407069556;0.0;1.0;0.0;-0.043329532497149374;;;-0.004435483870967742
51890;darty25.tiff;1;1;2480;3508;183;1170;161;39;183;1170;344;1170;344;1209;183;1209;Référence;AAAAAAAAA;undefined;OTHER;OTHER;9;0;0;[0.33352337514253133, 0.07379032258064516, 0.06491935483870968, 0.011117445838084378, 1.0, 0.0, 0.0];-0.02765108323831243;0.04153225806451613;0.03477765108323831;;0.33352337514253133;0.07379032258064516;0.06491935483870968;0.011117445838084378;1.0;0.0;0.0;-0.02765108323831243;0.04153225806451613;0.03477765108323831;
51891;darty25.tiff;1;1;2480;3508;447;1170;55;39;447;1170;502;1170;502;1209;447;1209;Qté;AAA;undefined;OTHER;OTHER;3;0;0;[0.33352337514253133, 0.18024193548387096, 0.02217741935483871, 0.011117445838084378, 1.0, 0.0, 0.0];-0.02765108323831243;0.0024193548387096775;0.03477765108323831;-0.04153225806451613;0.33352337514253133;0.18024193548387096;0.02217741935483871;0.011117445838084378;1.0;0.0;0.0;-0.02765108323831243;0.0024193548387096775;0.03477765108323831;-0.04153225806451613
51892;darty25.tiff;1;1;2480;3508;508;1170;105;39;508;1170;613;1170;613;1209;508;1209;Libellé;AAAAAAA;undefined;OTHER;OTHER;7;0;0;[0.33352337514253133, 0.20483870967741935, 0.04233870967741935, 0.011117445838084378, 1.0, 0.0, 0.0];-0.02765108323831243;0.23911290322580644;0.03477765108323831;-0.0024193548387096775;0.33352337514253133;0.20483870967741935;0.04233870967741935;0.011117445838084378;1.0;0.0;0.0;-0.02765108323831243;0.23911290322580644;0.03477765108323831;-0.0024193548387096775
51893;darty25.tiff;1;1;2480;3508;1206;1170;135;39;1206;1170;1341;1170;1341;1209;1206;1209;Garantie;AAAAAAAA;undefined;OTHER;OTHER;8;0;0;[0.33352337514253133, 0.48629032258064514, 0.05443548387096774, 0.011117445838084378, 1.0, 0.0, 0.0];;0.07016129032258064;0.00028506271379703536;-0.23911290322580644;0.33352337514253133;0.48629032258064514;0.05443548387096774;0.011117445838084378;1.0;0.0;0.0;;0.07016129032258064;0.00028506271379703536;-0.23911290322580644
51894;darty25.tiff;1;1;2480;3508;1515;1170;79;39;1515;1170;1594;1170;1594;1209;1515;1209;Total;AAAAA;undefined;OTHER;OTHER;5;0;0;[0.33352337514253133, 0.6108870967741935, 0.03185483870967742, 0.011117445838084378, 1.0, 0.0, 0.0];-0.14224629418472065;0.004032258064516129;0.03477765108323831;-0.07016129032258064;0.33352337514253133;0.6108870967741935;0.03185483870967742;0.011117445838084378;1.0;0.0;0.0;-0.14224629418472065;0.004032258064516129;0.03477765108323831;-0.07016129032258064
51895;darty25.tiff;1;1;2480;3508;1604;1170;44;39;1604;1170;1648;1170;1648;1209;1604;1209;HT;AA;undefined;OTHER;OTHER;2;0;0;[0.33352337514253133, 0.646774193548387, 0.017741935483870968, 0.011117445838084378, 1.0, 0.0, 0.0];-0.16676168757126567;0.06612903225806452;;-0.004032258064516129;0.33352337514253133;0.646774193548387;0.017741935483870968;0.011117445838084378;1.0;0.0;0.0;-0.16676168757126567;0.06612903225806452;;-0.004032258064516129
51896;darty25.tiff;1;1;2480;3508;1812;1170;166;39;1812;1170;1978;1170;1978;1209;1812;1209;Base/Taux;AAAASAAAA;undefined;OTHER;OTHER;8;0;1;[0.33352337514253133, 0.7306451612903225, 0.06693548387096775, 0.011117445838084378, 0.8888888888888888, 0.0, 0.1111111111111111];;0.0625;0.00028506271379703536;-0.06612903225806452;0.33352337514253133;0.7306451612903225;0.06693548387096775;0.011117445838084378;0.8888888888888888;0.0;0.1111111111111111;;0.0625;0.00028506271379703536;-0.06612903225806452
51897;darty25.tiff;1;1;2480;3508;2133;1170;79;39;2133;1170;2212;1170;2212;1209;2133;1209;Total;AAAAA;undefined;OTHER;OTHER;5;0;0;[0.33352337514253133, 0.8600806451612903, 0.03185483870967742, 0.011117445838084378, 1.0, 0.0, 0.0];;0.004032258064516129;0.03477765108323831;-0.0625;0.33352337514253133;0.8600806451612903;0.03185483870967742;0.011117445838084378;1.0;0.0;0.0;;0.004032258064516129;0.03477765108323831;-0.0625
51898;darty25.tiff;1;1;2480;3508;2222;1170;64;39;2222;1170;2286;1170;2286;1209;2222;1209;TTC;AAA;undefined;OTHER;OTHER;3;0;0;[0.33352337514253133, 0.8959677419354839, 0.025806451612903226, 0.011117445838084378, 1.0, 0.0, 0.0];;;;-0.004032258064516129;0.33352337514253133;0.8959677419354839;0.025806451612903226;0.011117445838084378;1.0;0.0;0.0;;;;-0.004032258064516129
51899;darty25.tiff;1;1;2480;3508;1206;1210;85;39;1206;1210;1291;1210;1291;1249;1206;1249;Darty;AAAAA;undefined;OTHER;OTHER;5;0;0;[0.3449258836944128, 0.48629032258064514, 0.034274193548387094, 0.011117445838084378, 1.0, 0.0, 0.0];-0.00028506271379703536;0.21008064516129032;0.00028506271379703536;;0.3449258836944128;0.48629032258064514;0.034274193548387094;0.011117445838084378;1.0;0.0;0.0;-0.00028506271379703536;0.21008064516129032;0.00028506271379703536;
51900;darty25.tiff;1;1;2480;3508;1812;1210;66;39;1812;1210;1878;1210;1878;1249;1812;1249;TVA;AAA;undefined;OTHER;OTHER;3;0;0;[0.3449258836944128, 0.7306451612903225, 0.02661290322580645, 0.011117445838084378, 1.0, 0.0, 0.0];-0.00028506271379703536;0.004032258064516129;0.023375142531356898;-0.21008064516129032;0.3449258836944128;0.7306451612903225;0.02661290322580645;0.011117445838084378;1.0;0.0;0.0;-0.00028506271379703536;0.004032258064516129;0.023375142531356898;-0.21008064516129032
51901;darty25.tiff;1;1;2480;3508;1888;1210;40;39;1888;1210;1928;1210;1928;1249;1888;1249;ou;AA;undefined;OTHER;OTHER;2;0;0;[0.3449258836944128, 0.7612903225806451, 0.016129032258064516, 0.011117445838084378, 1.0, 0.0, 0.0];;0.004032258064516129;;-0.004032258064516129;0.3449258836944128;0.7612903225806451;0.016129032258064516;0.011117445838084378;1.0;0.0;0.0;;0.004032258064516129;;-0.004032258064516129
51902;darty25.tiff;1;1;2480;3508;1938;1210;68;39;1938;1210;2006;1210;2006;1249;1938;1249;TCA;AAA;undefined;OTHER;OTHER;3;0;0;[0.3449258836944128, 0.7814516129032258, 0.027419354838709678, 0.011117445838084378, 1.0, 0.0, 0.0];;;0.34720638540478904;-0.004032258064516129;0.3449258836944128;0.7814516129032258;0.027419354838709678;0.011117445838084378;1.0;0.0;0.0;;;0.34720638540478904;-0.004032258064516129
51903;darty25.tiff;1;1;2480;3508;1206;1250;135;39;1206;1250;1341;1250;1341;1289;1206;1289;jusqu'au;AAAAASAA;undefined;OTHER;OTHER;7;0;1;[0.3563283922462942, 0.48629032258064514, 0.05443548387096774, 0.011117445838084378, 0.875, 0.0, 0.125];-0.00028506271379703536;;0.011972633979475485;;0.3563283922462942;0.48629032258064514;0.05443548387096774;0.011117445838084378;0.875;0.0;0.125;-0.00028506271379703536;;0.011972633979475485;
51918;darty25.tiff;1;1;2480;3508;183;1331;240;38;183;1331;423;1331;423;1369;183;1369;8710103764588;NNNNNNNNNNNNN;SNO;SNO;SNO;0;13;0;[0.37941847206385404, 0.07379032258064516, 0.0967741935483871, 0.010832383124287344, 0.0, 1.0, 0.0];-0.03477765108323831;0.00967741935483871;0.033922462941847205;;0.37941847206385404;0.07379032258064516;0.0967741935483871;0.010832383124287344;0.0;1.0;0.0;-0.03477765108323831;0.00967741935483871;0.033922462941847205;
51919;darty25.tiff;1;1;2480;3508;447;1331;46;38;447;1331;493;1331;493;1369;447;1369;4.0;NSN;QTY;QUANTITY;Quantity;0;2;1;[0.37941847206385404, 0.18024193548387096, 0.018548387096774192, 0.010832383124287344, 0.0, 0.6666666666666666, 0.3333333333333333];-0.03477765108323831;0.006048387096774193;0.033922462941847205;-0.00967741935483871;0.37941847206385404;0.18024193548387096;0.018548387096774192;0.010832383124287344;0.0;0.6666666666666666;0.3333333333333333;-0.03477765108323831;0.006048387096774193;0.033922462941847205;-0.00967741935483871
51920;darty25.tiff;1;1;2480;3508;508;1331;96;38;508;1331;604;1331;604;1369;508;1369;Rasoir;AAAAAA;PD;PRODUCT_DESCRIPTION;Product Description;6;0;0;[0.37941847206385404, 0.20483870967741935, 0.03870967741935484, 0.010832383124287344, 1.0, 0.0, 0.0];-0.03477765108323831;0.0036290322580645163;0.00028506271379703536;-0.006048387096774193;0.37941847206385404;0.20483870967741935;0.03870967741935484;0.010832383124287344;1.0;0.0;0.0;-0.03477765108323831;0.0036290322580645163;0.00028506271379703536;-0.006048387096774193
51921;darty25.tiff;1;1;2480;3508;613;1331;144;38;613;1331;757;1331;757;1369;613;1369;électrique;AAAAAAAAAA;PD;PRODUCT_DESCRIPTION;Product Description;10;0;0;[0.37941847206385404, 0.24717741935483872, 0.05806451612903226, 0.010832383124287344, 1.0, 0.0, 0.0];-0.07354618015963511;0.004032258064516129;;-0.0036290322580645163;0.37941847206385404;0.24717741935483872;0.05806451612903226;0.010832383124287344;1.0;0.0;0.0;-0.07354618015963511;0.004032258064516129;;-0.0036290322580645163
51922;darty25.tiff;1;1;2480;3508;767;1331;98;38;767;1331;865;1331;865;1369;767;1369;Philips;AAAAAAA;PD;PRODUCT_DESCRIPTION;Product Description;7;0;0;[0.37941847206385404, 0.3092741935483871, 0.03951612903225806, 0.010832383124287344, 1.0, 0.0, 0.0];-0.12941847206385404;0.004032258064516129;0.00028506271379703536;-0.004032258064516129;0.37941847206385404;0.3092741935483871;0.03951612903225806;0.010832383124287344;1.0;0.0;0.0;-0.12941847206385404;0.004032258064516129;0.00028506271379703536;-0.004032258064516129
51923;darty25.tiff;1;1;2480;3508;875;1331;96;38;875;1331;971;1331;971;1369;875;1369;Rasoir;AAAAAA;PD;PRODUCT_DESCRIPTION;Product Description;6;0;0;[0.37941847206385404, 0.3528225806451613, 0.03870967741935484, 0.010832383124287344, 1.0, 0.0, 0.0];-0.23346636259977194;0.09475806451612903;0.00028506271379703536;-0.004032258064516129;0.37941847206385404;0.3528225806451613;0.03870967741935484;0.010832383124287344;1.0;0.0;0.0;-0.23346636259977194;0.09475806451612903;0.00028506271379703536;-0.004032258064516129
51928;darty25.tiff;1;1;2480;3508;1206;1331;37;38;1206;1331;1243;1331;1243;1369;1206;1369;23;NN;undefined;OTHER;OTHER;0;2;0;[0.37941847206385404, 0.48629032258064514, 0.014919354838709677, 0.010832383124287344, 0.0, 1.0, 0.0];-0.011972633979475485;0.004032258064516129;0.033922462941847205;-0.09475806451612903;0.37941847206385404;0.48629032258064514;0.014919354838709677;0.010832383124287344;0.0;1.0;0.0;-0.011972633979475485;0.004032258064516129;0.033922462941847205;-0.09475806451612903
51929;darty25.tiff;1;1;2480;3508;1253;1331;51;38;1253;1331;1304;1331;1304;1369;1253;1369;dic,;AAAS;undefined;OTHER;OTHER;3;0;1;[0.37941847206385404, 0.505241935483871, 0.02056451612903226, 0.010832383124287344, 0.75, 0.0, 0.25];;0.004032258064516129;0.033922462941847205;-0.004032258064516129;0.37941847206385404;0.505241935483871;0.02056451612903226;0.010832383124287344;0.75;0.0;0.25;;0.004032258064516129;0.033922462941847205;-0.004032258064516129
51930;darty25.tiff;1;1;2480;3508;1314;1331;74;38;1314;1331;1388;1331;1388;1369;1314;1369;1990;NNNN;undefined;OTHER;OTHER;0;4;0;[0.37941847206385404, 0.5298387096774193, 0.029838709677419355, 0.010832383124287344, 0.0, 1.0, 0.0];-0.21265678449258837;0.05120967741935484;0.033922462941847205;-0.004032258064516129;0.37941847206385404;0.5298387096774193;0.029838709677419355;0.010832383124287344;0.0;1.0;0.0;-0.21265678449258837;0.05120967741935484;0.033922462941847205;-0.004032258064516129
51931;darty25.tiff;1;1;2480;3508;1515;1331;101;38;1515;1331;1616;1331;1616;1369;1515;1369;158,63;NNNSNN;PTWTX;PRODUCT_TOTAL_PRICE_WITHOUT_TAX;Product Total Price without TAX;0;5;1;[0.37941847206385404, 0.6108870967741935, 0.0407258064516129, 0.010832383124287344, 0.0, 0.8333333333333334, 0.16666666666666666];-0.03477765108323831;0.07903225806451612;0.033922462941847205;-0.05120967741935484;0.37941847206385404;0.6108870967741935;0.0407258064516129;0.010832383124287344;0.0;0.8333333333333334;0.16666666666666666;-0.03477765108323831;0.07903225806451612;0.033922462941847205;-0.05120967741935484
51932;darty25.tiff;1;1;2480;3508;1812;1331;83;38;1812;1331;1895;1331;1895;1369;1812;1369;31,73;NNSNN;TXR;TAX_RATE;Tax Rate;0;4;1;[0.37941847206385404, 0.7306451612903225, 0.03346774193548387, 0.010832383124287344, 0.0, 0.8, 0.2];-0.023375142531356898;0.09596774193548387;0.011117445838084378;-0.07903225806451612;0.37941847206385404;0.7306451612903225;0.03346774193548387;0.010832383124287344;0.0;0.8;0.2;-0.023375142531356898;0.09596774193548387;0.011117445838084378;-0.07903225806451612
51933;darty25.tiff;1;1;2480;3508;2133;1331;101;38;2133;1331;2234;1331;2234;1369;2133;1369;190,36;NNNSNN;undefined;OTHER;OTHER;0;5;1;[0.37941847206385404, 0.8600806451612903, 0.0407258064516129, 0.010832383124287344, 0.0, 0.8333333333333334, 0.16666666666666666];-0.03477765108323831;;0.033922462941847205;-0.09596774193548387;0.37941847206385404;0.8600806451612903;0.0407258064516129;0.010832383124287344;0.0;0.8333333333333334;0.16666666666666666;-0.03477765108323831;;0.033922462941847205;-0.09596774193548387
51924;darty25.tiff;1;1;2480;3508;508;1370;148;38;508;1370;656;1370;656;1408;508;1408;Electrique;AAAAAAAAAA;PD;PRODUCT_DESCRIPTION;Product Description;10;0;0;[0.3905359179019384, 0.20483870967741935, 0.05967741935483871, 0.010832383124287344, 1.0, 0.0, 0.0];-0.00028506271379703536;0.0036290322580645163;0.02280501710376283;;0.3905359179019384;0.20483870967741935;0.05967741935483871;0.010832383124287344;1.0;0.0;0.0;-0.00028506271379703536;0.0036290322580645163;0.02280501710376283;
51925;darty25.tiff;1;1;2480;3508;665;1370;207;38;665;1370;872;1370;872;1408;665;1408;Rechargeable;AAAAAAAAAAAA;PD;PRODUCT_DESCRIPTION;Product Description;12;0;0;[0.3905359179019384, 0.26814516129032256, 0.08346774193548387, 0.010832383124287344, 1.0, 0.0, 0.0];-0.00028506271379703536;0.004032258064516129;0.02280501710376283;-0.0036290322580645163;0.3905359179019384;0.26814516129032256;0.08346774193548387;0.010832383124287344;1.0;0.0;0.0;-0.00028506271379703536;0.004032258064516129;0.02280501710376283;-0.0036290322580645163
51926;darty25.tiff;1;1;2480;3508;882;1370;11;38;882;1370;893;1370;893;1408;882;1408;-;S;PD;PRODUCT_DESCRIPTION;Product Description;0;0;1;[0.3905359179019384, 0.3556451612903226, 0.004435483870967742, 0.010832383124287344, 0.0, 0.0, 1.0];-0.00028506271379703536;0.0036290322580645163;0.02280501710376283;-0.004032258064516129;0.3905359179019384;0.3556451612903226;0.004435483870967742;0.010832383124287344;0.0;0.0;1.0;-0.00028506271379703536;0.0036290322580645163;0.02280501710376283;-0.004032258064516129
51927;darty25.tiff;1;1;2480;3508;902;1370;27;38;902;1370;929;1370;929;1408;902;1408;...;SSS;PD;PRODUCT_DESCRIPTION;Product Description;0;0;3;[0.3905359179019384, 0.36370967741935484, 0.010887096774193548, 0.010832383124287344, 0.0, 0.0, 1.0];;;;-0.0036290322580645163;0.3905359179019384;0.36370967741935484;0.010887096774193548;0.010832383124287344;0.0;0.0;1.0;;;;-0.0036290322580645163
51934;darty25.tiff;1;1;2480;3508;1812;1408;64;38;1812;1408;1876;1408;1876;1446;1812;1446;20.0;NNSN;undefined;OTHER;OTHER;0;3;1;[0.4013683010262258, 0.7306451612903225, 0.025806451612903226, 0.010832383124287344, 0.0, 0.75, 0.25];-0.011117445838084378;;0.011972633979475485;;0.4013683010262258;0.7306451612903225;0.025806451612903226;0.010832383124287344;0.0;0.75;0.25;-0.011117445838084378;;0.011972633979475485;
51935;darty25.tiff;1;1;2480;3508;183;1488;240;38;183;1488;423;1488;423;1526;183;1526;0761878978555;NNNNNNNNNNNNN;SNO;SNO;SNO;0;13;0;[0.4241733181299886, 0.07379032258064516, 0.0967741935483871, 0.010832383124287344, 0.0, 1.0, 0.0];-0.033922462941847205;0.00967741935483871;0.04503990877993159;;0.4241733181299886;0.07379032258064516;0.0967741935483871;0.010832383124287344;0.0;1.0;0.0;-0.033922462941847205;0.00967741935483871;0.04503990877993159;
51936;darty25.tiff;1;1;2480;3508;447;1488;46;38;447;1488;493;1488;493;1526;447;1526;4.0;NSN;QTY;QUANTITY;Quantity;0;2;1;[0.4241733181299886, 0.18024193548387096, 0.018548387096774192, 0.010832383124287344, 0.0, 0.6666666666666666, 0.3333333333333333];-0.033922462941847205;0.006048387096774193;0.04503990877993159;-0.00967741935483871;0.4241733181299886;0.18024193548387096;0.018548387096774192;0.010832383124287344;0.0;0.6666666666666666;0.3333333333333333;-0.033922462941847205;0.006048387096774193;0.04503990877993159;-0.00967741935483871
51937;darty25.tiff;1;1;2480;3508;508;1488;114;38;508;1488;622;1488;622;1526;508;1526;Casque;AAAAAA;PD;PRODUCT_DESCRIPTION;Product Description;6;0;0;[0.4241733181299886, 0.20483870967741935, 0.04596774193548387, 0.010832383124287344, 1.0, 0.0, 0.0];-0.02280501710376283;0.004032258064516129;0.00028506271379703536;-0.006048387096774193;0.4241733181299886;0.20483870967741935;0.04596774193548387;0.010832383124287344;1.0;0.0;0.0;-0.02280501710376283;0.004032258064516129;0.00028506271379703536;-0.006048387096774193
51938;darty25.tiff;1;1;2480;3508;632;1488;94;38;632;1488;726;1488;726;1526;632;1526;gamer;AAAAA;PD;PRODUCT_DESCRIPTION;Product Description;5;0;0;[0.4241733181299886, 0.25483870967741934, 0.03790322580645161, 0.010832383124287344, 1.0, 0.0, 0.0];-0.02280501710376283;0.004032258064516129;;-0.004032258064516129;0.4241733181299886;0.25483870967741934;0.03790322580645161;0.010832383124287344;1.0;0.0;0.0;-0.02280501710376283;0.004032258064516129;;-0.004032258064516129
51939;darty25.tiff;1;1;2480;3508;736;1488;101;38;736;1488;837;1488;837;1526;736;1526;Antlion;AAAAAAA;PD;PRODUCT_DESCRIPTION;Product Description;7;0;0;[0.4241733181299886, 0.2967741935483871, 0.0407258064516129, 0.010832383124287344, 1.0, 0.0, 0.0];;0.004032258064516129;0.00028506271379703536;-0.004032258064516129;0.4241733181299886;0.2967741935483871;0.0407258064516129;0.010832383124287344;1.0;0.0;0.0;;0.004032258064516129;0.00028506271379703536;-0.004032258064516129
51940;darty25.tiff;1;1;2480;3508;847;1488;85;38;847;1488;932;1488;932;1526;847;1526;Audio;AAAAA;PD;PRODUCT_DESCRIPTION;Product Description;5;0;0;[0.4241733181299886, 0.34153225806451615, 0.034274193548387094, 0.010832383124287344, 1.0, 0.0, 0.0];-0.02280501710376283;0.11048387096774194;0.00028506271379703536;-0.004032258064516129;0.4241733181299886;0.34153225806451615;0.034274193548387094;0.010832383124287344;1.0;0.0;0.0;-0.02280501710376283;0.11048387096774194;0.00028506271379703536;-0.004032258064516129
51946;darty25.tiff;1;1;2480;3508;1206;1488;37;38;1206;1488;1243;1488;1243;1526;1206;1526;23;NN;undefined;OTHER;OTHER;0;2;0;[0.4241733181299886, 0.48629032258064514, 0.014919354838709677, 0.010832383124287344, 0.0, 1.0, 0.0];-0.033922462941847205;0.004032258064516129;0.04503990877993159;-0.11048387096774194;0.4241733181299886;0.48629032258064514;0.014919354838709677;0.010832383124287344;0.0;1.0;0.0;-0.033922462941847205;0.004032258064516129;0.04503990877993159;-0.11048387096774194
51947;darty25.tiff;1;1;2480;3508;1253;1488;51;38;1253;1488;1304;1488;1304;1526;1253;1526;dic,;AAAS;undefined;OTHER;OTHER;3;0;1;[0.4241733181299886, 0.505241935483871, 0.02056451612903226, 0.010832383124287344, 0.75, 0.0, 0.25];-0.033922462941847205;0.004032258064516129;0.04503990877993159;-0.004032258064516129;0.4241733181299886;0.505241935483871;0.02056451612903226;0.010832383124287344;0.75;0.0;0.25;-0.033922462941847205;0.004032258064516129;0.04503990877993159;-0.004032258064516129
51948;darty25.tiff;1;1;2480;3508;1314;1488;74;38;1314;1488;1388;1488;1388;1526;1314;1526;1990;NNNN;undefined;OTHER;OTHER;0;4;0;[0.4241733181299886, 0.5298387096774193, 0.029838709677419355, 0.010832383124287344, 0.0, 1.0, 0.0];-0.033922462941847205;0.05120967741935484;0.04503990877993159;-0.004032258064516129;0.4241733181299886;0.5298387096774193;0.029838709677419355;0.010832383124287344;0.0;1.0;0.0;-0.033922462941847205;0.05120967741935484;0.04503990877993159;-0.004032258064516129
51949;darty25.tiff;1;1;2480;3508;1515;1488;101;38;1515;1488;1616;1488;1616;1526;1515;1526;255,47;NNNSNN;PTWTX;PRODUCT_TOTAL_PRICE_WITHOUT_TAX;Product Total Price without TAX;0;5;1;[0.4241733181299886, 0.6108870967741935, 0.0407258064516129, 0.010832383124287344, 0.0, 0.8333333333333334, 0.16666666666666666];-0.033922462941847205;0.07903225806451612;0.04503990877993159;-0.05120967741935484;0.4241733181299886;0.6108870967741935;0.0407258064516129;0.010832383124287344;0.0;0.8333333333333334;0.16666666666666666;-0.033922462941847205;0.07903225806451612;0.04503990877993159;-0.05120967741935484
51950;darty25.tiff;1;1;2480;3508;1812;1488;83;38;1812;1488;1895;1488;1895;1526;1812;1526;51,09;NNSNN;TXR;TAX_RATE;Tax Rate;0;4;1;[0.4241733181299886, 0.7306451612903225, 0.03346774193548387, 0.010832383124287344, 0.0, 0.8, 0.2];-0.011972633979475485;0.09596774193548387;0.022234891676168756;-0.07903225806451612;0.4241733181299886;0.7306451612903225;0.03346774193548387;0.010832383124287344;0.0;0.8;0.2;-0.011972633979475485;0.09596774193548387;0.022234891676168756;-0.07903225806451612
51951;darty25.tiff;1;1;2480;3508;2133;1488;101;38;2133;1488;2234;1488;2234;1526;2133;1526;306,56;NNNSNN;undefined;OTHER;OTHER;0;5;1;[0.4241733181299886, 0.8600806451612903, 0.0407258064516129, 0.010832383124287344, 0.0, 0.8333333333333334, 0.16666666666666666];-0.033922462941847205;;0.04503990877993159;-0.09596774193548387;0.4241733181299886;0.8600806451612903;0.0407258064516129;0.010832383124287344;0.0;0.8333333333333334;0.16666666666666666;-0.033922462941847205;;0.04503990877993159;-0.09596774193548387
51941;darty25.tiff;1;1;2480;3508;508;1527;174;38;508;1527;682;1527;682;1565;508;1565;Microphone;AAAAAAAAAA;PD;PRODUCT_DESCRIPTION;Product Description;10;0;0;[0.435290763968073, 0.20483870967741935, 0.07016129032258064, 0.010832383124287344, 1.0, 0.0, 0.0];-0.00028506271379703536;0.0036290322580645163;0.033922462941847205;;0.435290763968073;0.20483870967741935;0.07016129032258064;0.010832383124287344;1.0;0.0;0.0;-0.00028506271379703536;0.0036290322580645163;0.033922462941847205;
51942;darty25.tiff;1;1;2480;3508;691;1527;113;38;691;1527;804;1527;804;1565;691;1565;AntLion;AAAAAAA;PD;PRODUCT_DESCRIPTION;Product Description;7;0;0;[0.435290763968073, 0.2786290322580645, 0.045564516129032256, 0.010832383124287344, 1.0, 0.0, 0.0];-0.00028506271379703536;0.004032258064516129;0.033922462941847205;-0.0036290322580645163;0.435290763968073;0.2786290322580645;0.045564516129032256;0.010832383124287344;1.0;0.0;0.0;-0.00028506271379703536;0.004032258064516129;0.033922462941847205;-0.0036290322580645163
51943;darty25.tiff;1;1;2480;3508;814;1527;85;38;814;1527;899;1527;899;1565;814;1565;Audio;AAAAA;PD;PRODUCT_DESCRIPTION;Product Description;5;0;0;[0.435290763968073, 0.3282258064516129, 0.034274193548387094, 0.010832383124287344, 1.0, 0.0, 0.0];-0.00028506271379703536;0.0036290322580645163;0.033922462941847205;-0.004032258064516129;0.435290763968073;0.3282258064516129;0.034274193548387094;0.010832383124287344;1.0;0.0;0.0;-0.00028506271379703536;0.0036290322580645163;0.033922462941847205;-0.004032258064516129
51944;darty25.tiff;1;1;2480;3508;908;1527;116;38;908;1527;1024;1527;1024;1565;908;1565;ModMic;AAAAAA;PD;PRODUCT_DESCRIPTION;Product Description;6;0;0;[0.435290763968073, 0.36612903225806454, 0.0467741935483871, 0.010832383124287344, 1.0, 0.0, 0.0];;;;-0.0036290322580645163;0.435290763968073;0.36612903225806454;0.0467741935483871;0.010832383124287344;1.0;0.0;0.0;;;;-0.0036290322580645163
51945;darty25.tiff;1;1;2480;3508;508;1565;135;38;508;1565;643;1565;643;1603;508;1603;Business;AAAAAAAA;PD;PRODUCT_DESCRIPTION;Product Description;8;0;0;[0.44612314709236034, 0.20483870967741935, 0.05443548387096774, 0.010832383124287344, 1.0, 0.0, 0.0];;;;;0.44612314709236034;0.20483870967741935;0.05443548387096774;0.010832383124287344;1.0;0.0;0.0;;;;
51952;darty25.tiff;1;1;2480;3508;1812;1604;64;38;1812;1604;1876;1604;1876;1642;1812;1642;20.0;NNSN;undefined;OTHER;OTHER;0;3;1;[0.4572405929304447, 0.7306451612903225, 0.025806451612903226, 0.010832383124287344, 0.0, 0.75, 0.25];-0.022234891676168756;;0.011972633979475485;;0.4572405929304447;0.7306451612903225;0.025806451612903226;0.010832383124287344;0.0;0.75;0.25;-0.022234891676168756;;0.011972633979475485;
51953;darty25.tiff;1;1;2480;3508;183;1684;240;38;183;1684;423;1684;423;1722;183;1722;0617885016844;NNNNNNNNNNNNN;SNO;SNO;SNO;0;13;0;[0.48004561003420754, 0.07379032258064516, 0.0967741935483871, 0.010832383124287344, 0.0, 1.0, 0.0];-0.04503990877993159;0.00967741935483871;;;0.48004561003420754;0.07379032258064516;0.0967741935483871;0.010832383124287344;0.0;1.0;0.0;-0.04503990877993159;0.00967741935483871;;
51954;darty25.tiff;1;1;2480;3508;447;1684;46;38;447;1684;493;1684;493;1722;447;1722;1.0;NSN;QTY;QUANTITY;Quantity;0;2;1;[0.48004561003420754, 0.18024193548387096, 0.018548387096774192, 0.010832383124287344, 0.0, 0.6666666666666666, 0.3333333333333333];-0.04503990877993159;0.006048387096774193;;-0.00967741935483871;0.48004561003420754;0.18024193548387096;0.018548387096774192;0.010832383124287344;0.0;0.6666666666666666;0.3333333333333333;-0.04503990877993159;0.006048387096774193;;-0.00967741935483871
51955;darty25.tiff;1;1;2480;3508;508;1684;98;38;508;1684;606;1684;606;1722;508;1722;Coque;AAAAA;PD;PRODUCT_DESCRIPTION;Product Description;5;0;0;[0.48004561003420754, 0.20483870967741935, 0.03951612903225806, 0.010832383124287344, 1.0, 0.0, 0.0];-0.033922462941847205;0.0036290322580645163;0.00028506271379703536;-0.006048387096774193;0.48004561003420754;0.20483870967741935;0.03951612903225806;0.010832383124287344;1.0;0.0;0.0;-0.033922462941847205;0.0036290322580645163;0.00028506271379703536;-0.006048387096774193
51956;darty25.tiff;1;1;2480;3508;615;1684;37;38;615;1684;652;1684;652;1722;615;1722;de;AA;PD;PRODUCT_DESCRIPTION;Product Description;2;0;0;[0.48004561003420754, 0.24798387096774194, 0.014919354838709677, 0.010832383124287344, 1.0, 0.0, 0.0];;0.004032258064516129;;-0.0036290322580645163;0.48004561003420754;0.24798387096774194;0.014919354838709677;0.010832383124287344;1.0;0.0;0.0;;0.004032258064516129;;-0.0036290322580645163
51957;darty25.tiff;1;1;2480;3508;662;1684;146;38;662;1684;808;1684;808;1722;662;1722;protection;AAAAAAAAAA;PD;PRODUCT_DESCRIPTION;Product Description;10;0;0;[0.48004561003420754, 0.2669354838709677, 0.05887096774193548, 0.010832383124287344, 1.0, 0.0, 0.0];-0.033922462941847205;0.0036290322580645163;0.00028506271379703536;-0.004032258064516129;0.48004561003420754;0.2669354838709677;0.05887096774193548;0.010832383124287344;1.0;0.0;0.0;-0.033922462941847205;0.0036290322580645163;0.00028506271379703536;-0.004032258064516129
51958;darty25.tiff;1;1;2480;3508;817;1684;113;38;817;1684;930;1684;930;1722;817;1722;Powera;AAAAAA;PD;PRODUCT_DESCRIPTION;Product Description;6;0;0;[0.48004561003420754, 0.3294354838709677, 0.045564516129032256, 0.010832383124287344, 1.0, 0.0, 0.0];-0.033922462941847205;0.004032258064516129;0.00028506271379703536;-0.0036290322580645163;0.48004561003420754;0.3294354838709677;0.045564516129032256;0.010832383124287344;1.0;0.0;0.0;-0.033922462941847205;0.004032258064516129;0.00028506271379703536;-0.0036290322580645163
51959;darty25.tiff;1;1;2480;3508;940;1684;113;38;940;1684;1053;1684;1053;1722;940;1722;Housse;AAAAAA;PD;PRODUCT_DESCRIPTION;Product Description;6;0;0;[0.48004561003420754, 0.3790322580645161, 0.045564516129032256, 0.010832383124287344, 1.0, 0.0, 0.0];;0.06169354838709677;0.09122006841505131;-0.004032258064516129;0.48004561003420754;0.3790322580645161;0.045564516129032256;0.010832383124287344;1.0;0.0;0.0;;0.06169354838709677;0.09122006841505131;-0.004032258064516129
51963;darty25.tiff;1;1;2480;3508;1206;1684;37;38;1206;1684;1243;1684;1243;1722;1206;1722;23;NN;undefined;OTHER;OTHER;0;2;0;[0.48004561003420754, 0.48629032258064514, 0.014919354838709677, 0.010832383124287344, 0.0, 1.0, 0.0];-0.04503990877993159;0.004032258064516129;0.09122006841505131;-0.06169354838709677;0.48004561003420754;0.48629032258064514;0.014919354838709677;0.010832383124287344;0.0;1.0;0.0;-0.04503990877993159;0.004032258064516129;0.09122006841505131;-0.06169354838709677
51964;darty25.tiff;1;1;2480;3508;1253;1684;51;38;1253;1684;1304;1684;1304;1722;1253;1722;dic,;AAAS;undefined;OTHER;OTHER;3;0;1;[0.48004561003420754, 0.505241935483871, 0.02056451612903226, 0.010832383124287344, 0.75, 0.0, 0.25];-0.04503990877993159;0.004032258064516129;;-0.004032258064516129;0.48004561003420754;0.505241935483871;0.02056451612903226;0.010832383124287344;0.75;0.0;0.25;-0.04503990877993159;0.004032258064516129;;-0.004032258064516129
51965;darty25.tiff;1;1;2480;3508;1314;1684;74;38;1314;1684;1388;1684;1388;1722;1314;1722;1990;NNNN;undefined;OTHER;OTHER;0;4;0;[0.48004561003420754, 0.5298387096774193, 0.029838709677419355, 0.010832383124287344, 0.0, 1.0, 0.0];-0.04503990877993159;0.05120967741935484;0.36659064994298746;-0.004032258064516129;0.48004561003420754;0.5298387096774193;0.029838709677419355;0.010832383124287344;0.0;1.0;0.0;-0.04503990877993159;0.05120967741935484;0.36659064994298746;-0.004032258064516129
51966;darty25.tiff;1;1;2480;3508;1515;1684;83;38;1515;1684;1598;1684;1598;1722;1515;1722;24,99;NNSNN;PTWTX;PRODUCT_TOTAL_PRICE_WITHOUT_TAX;Product Total Price without TAX;0;4;1;[0.48004561003420754, 0.6108870967741935, 0.03346774193548387, 0.010832383124287344, 0.0, 0.8, 0.2];-0.04503990877993159;0.08629032258064516;0.09122006841505131;-0.05120967741935484;0.48004561003420754;0.6108870967741935;0.03346774193548387;0.010832383124287344;0.0;0.8;0.2;-0.04503990877993159;0.08629032258064516;0.09122006841505131;-0.05120967741935484
51967;darty25.tiff;1;1;2480;3508;1812;1684;64;38;1812;1684;1876;1684;1876;1722;1812;1722;5,00;NSNN;TXR;TAX_RATE;Tax Rate;0;3;1;[0.48004561003420754, 0.7306451612903225, 0.025806451612903226, 0.010832383124287344, 0.0, 0.75, 0.25];-0.011972633979475485;0.10362903225806451;0.011117445838084378;-0.08629032258064516;0.48004561003420754;0.7306451612903225;0.025806451612903226;0.010832383124287344;0.0;0.75;0.25;-0.011972633979475485;0.10362903225806451;0.011117445838084378;-0.08629032258064516
51968;darty25.tiff;1;1;2480;3508;2133;1684;83;38;2133;1684;2216;1684;2216;1722;2133;1722;29,99;NNSNN;undefined;OTHER;OTHER;0;4;1;[0.48004561003420754, 0.8600806451612903, 0.03346774193548387, 0.010832383124287344, 0.0, 0.8, 0.2];-0.04503990877993159;;0.033922462941847205;-0.10362903225806451;0.48004561003420754;0.8600806451612903;0.03346774193548387;0.010832383124287344;0.0;0.8;0.2;-0.04503990877993159;;0.033922462941847205;-0.10362903225806451
51960;darty25.tiff;1;1;2480;3508;508;1723;116;38;508;1723;624;1723;624;1761;508;1761;Support;AAAAAAA;PD;PRODUCT_DESCRIPTION;Product Description;7;0;0;[0.4911630558722919, 0.20483870967741935, 0.0467741935483871, 0.010832383124287344, 1.0, 0.0, 0.0];-0.00028506271379703536;0.004032258064516129;0.02280501710376283;;0.4911630558722919;0.20483870967741935;0.0467741935483871;0.010832383124287344;1.0;0.0;0.0;-0.00028506271379703536;0.004032258064516129;0.02280501710376283;
51961;darty25.tiff;1;1;2480;3508;634;1723;98;38;634;1723;732;1723;732;1761;634;1761;Switch;AAAAAA;PD;PRODUCT_DESCRIPTION;Product Description;6;0;0;[0.4911630558722919, 0.25564516129032255, 0.03951612903225806, 0.010832383124287344, 1.0, 0.0, 0.0];-0.00028506271379703536;0.0036290322580645163;0.02280501710376283;-0.004032258064516129;0.4911630558722919;0.25564516129032255;0.03951612903225806;0.010832383124287344;1.0;0.0;0.0;-0.00028506271379703536;0.0036290322580645163;0.02280501710376283;-0.004032258064516129
51962;darty25.tiff;1;1;2480;3508;741;1723;83;38;741;1723;824;1723;824;1761;741;1761;Zelda;AAAAA;PD;PRODUCT_DESCRIPTION;Product Description;5;0;0;[0.4911630558722919, 0.29879032258064514, 0.03346774193548387, 0.010832383124287344, 1.0, 0.0, 0.0];-0.00028506271379703536;;;-0.0036290322580645163;0.4911630558722919;0.29879032258064514;0.03346774193548387;0.010832383124287344;1.0;0.0;0.0;-0.00028506271379703536;;;-0.0036290322580645163
51969;darty25.tiff;1;1;2480;3508;1812;1761;64;38;1812;1761;1876;1761;1876;1799;1812;1799;20.0;NNSN;undefined;OTHER;OTHER;0;3;1;[0.5019954389965793, 0.7306451612903225, 0.025806451612903226, 0.010832383124287344, 0.0, 0.75, 0.25];-0.011117445838084378;;0.06927023945267959;;0.5019954389965793;0.7306451612903225;0.025806451612903226;0.010832383124287344;0.0;0.75;0.25;-0.011117445838084378;;0.06927023945267959;
51970;darty25.tiff;1;1;2480;3508;508;1841;74;38;508;1841;582;1841;582;1879;508;1879;Frais;AAAAA;undefined;OTHER;OTHER;5;0;0;[0.5248004561003421, 0.20483870967741935, 0.029838709677419355, 0.010832383124287344, 1.0, 0.0, 0.0];-0.02280501710376283;0.0036290322580645163;;;0.5248004561003421;0.20483870967741935;0.029838709677419355;0.010832383124287344;1.0;0.0;0.0;-0.02280501710376283;0.0036290322580645163;;
51971;darty25.tiff;1;1;2480;3508;591;1841;176;38;591;1841;767;1841;767;1879;591;1879;d'expédition;ASAAAAAAAAAA;undefined;OTHER;OTHER;11;0;1;[0.5248004561003421, 0.23830645161290323, 0.07096774193548387, 0.010832383124287344, 0.9166666666666666, 0.0, 0.08333333333333333];-0.02280501710376283;0.5508064516129032;0.3218358038768529;-0.0036290322580645163;0.5248004561003421;0.23830645161290323;0.07096774193548387;0.010832383124287344;0.9166666666666666;0.0;0.08333333333333333;-0.02280501710376283;0.5508064516129032;0.3218358038768529;-0.0036290322580645163
51972;darty25.tiff;1;1;2480;3508;2133;1841;133;38;2133;1841;2266;1841;2266;1879;2133;1879;OFFERT;AAAAAA;undefined;OTHER;OTHER;6;0;0;[0.5248004561003421, 0.8600806451612903, 0.053629032258064514, 0.010832383124287344, 1.0, 0.0, 0.0];-0.033922462941847205;;0.046465222348916764;-0.5508064516129032;0.5248004561003421;0.8600806451612903;0.053629032258064514;0.010832383124287344;1.0;0.0;0.0;-0.033922462941847205;;0.046465222348916764;-0.5508064516129032
51973;darty25.tiff;1;1;2480;3508;1041;2042;89;44;1041;2042;1130;2042;1130;2086;1041;2086;Total;AAAAA;undefined;OTHER;OTHER;5;0;0;[0.5820980615735462, 0.419758064516129, 0.03588709677419355, 0.012542759407069556, 1.0, 0.0, 0.0];-0.09122006841505131;0.004435483870967742;0.06955530216647662;;0.5820980615735462;0.419758064516129;0.03588709677419355;0.012542759407069556;1.0;0.0;0.0;-0.09122006841505131;0.004435483870967742;0.06955530216647662;
51974;darty25.tiff;1;1;2480;3508;1141;2042;125;44;1141;2042;1266;2042;1266;2086;1141;2086;facturé;AAAAAAA;undefined;OTHER;OTHER;7;0;0;[0.5820980615735462, 0.4600806451612903, 0.05040322580645161, 0.012542759407069556, 1.0, 0.0, 0.0];-0.09122006841505131;0.004435483870967742;0.06955530216647662;-0.004435483870967742;0.5820980615735462;0.4600806451612903;0.05040322580645161;0.012542759407069556;1.0;0.0;0.0;-0.09122006841505131;0.004435483870967742;0.06955530216647662;-0.004435483870967742
51975;darty25.tiff;1;1;2480;3508;1277;2042;12;44;1277;2042;1289;2042;1289;2086;1277;2086;:;S;undefined;OTHER;OTHER;0;0;1;[0.5820980615735462, 0.5149193548387097, 0.004838709677419355, 0.012542759407069556, 0.0, 0.0, 1.0];;0.08830645161290322;0.06955530216647662;-0.004435483870967742;0.5820980615735462;0.5149193548387097;0.004838709677419355;0.012542759407069556;0.0;0.0;1.0;;0.08830645161290322;0.06955530216647662;-0.004435483870967742
51976;darty25.tiff;1;1;2480;3508;1508;2042;114;43;1508;2042;1622;2042;1622;2085;1508;2085;439,09;NNNSNN;TWTX;TOTAL_WITHOUT_TAX;TWTXS;0;5;1;[0.5820980615735462, 0.6080645161290322, 0.04596774193548387, 0.01225769669327252, 0.0, 0.8333333333333334, 0.16666666666666666];-0.09122006841505131;0.0717741935483871;0.06984036488027366;-0.08830645161290322;0.5820980615735462;0.6080645161290322;0.04596774193548387;0.01225769669327252;0.0;0.8333333333333334;0.16666666666666666;-0.09122006841505131;0.0717741935483871;0.06984036488027366;-0.08830645161290322
51977;darty25.tiff;1;1;2480;3508;1800;2042;93;43;1800;2042;1893;2042;1893;2085;1800;2085;87,82;NNSNN;TTX;TOTAL_TAX;Total Tax;0;4;1;[0.5820980615735462, 0.7258064516129032, 0.0375, 0.01225769669327252, 0.0, 0.8, 0.2];-0.06927023945267959;0.08508064516129032;0.1088939566704675;-0.0717741935483871;0.5820980615735462;0.7258064516129032;0.0375;0.01225769669327252;0.0;0.8;0.2;-0.06927023945267959;0.08508064516129032;0.1088939566704675;-0.0717741935483871
51978;darty25.tiff;1;1;2480;3508;2104;2042;114;43;2104;2042;2218;2042;2218;2085;2104;2085;526,91;NNNSNN;TA;TOTAL_AMOUNT;Total with TAX;0;5;1;[0.5820980615735462, 0.8483870967741935, 0.04596774193548387, 0.01225769669327252, 0.0, 0.8333333333333334, 0.16666666666666666];-0.046465222348916764;;0.06984036488027366;-0.08508064516129032;0.5820980615735462;0.8483870967741935;0.04596774193548387;0.01225769669327252;0.0;0.8333333333333334;0.16666666666666666;-0.046465222348916764;;0.06984036488027366;-0.08508064516129032
51979;darty25.tiff;1;1;2480;3508;941;2330;145;44;941;2330;1086;2330;1086;2374;941;2374;Montant;AAAAAAA;undefined;OTHER;OTHER;7;0;0;[0.6641961231470923, 0.37943548387096776, 0.05846774193548387, 0.012542759407069556, 1.0, 0.0, 0.0];-0.06955530216647662;0.004435483870967742;0.1807297605473204;;0.6641961231470923;0.37943548387096776;0.05846774193548387;0.012542759407069556;1.0;0.0;0.0;-0.06955530216647662;0.004435483870967742;0.1807297605473204;
51980;darty25.tiff;1;1;2480;3508;1097;2330;89;44;1097;2330;1186;2330;1186;2374;1097;2374;réglé;AAAAA;undefined;OTHER;OTHER;5;0;0;[0.6641961231470923, 0.44233870967741934, 0.03588709677419355, 0.012542759407069556, 1.0, 0.0, 0.0];-0.06955530216647662;0.004435483870967742;0.1807297605473204;-0.004435483870967742;0.6641961231470923;0.44233870967741934;0.03588709677419355;0.012542759407069556;1.0;0.0;0.0;-0.06955530216647662;0.004435483870967742;0.1807297605473204;-0.004435483870967742
51981;darty25.tiff;1;1;2480;3508;1197;2330;58;44;1197;2330;1255;2330;1255;2374;1197;2374;par;AAA;undefined;OTHER;OTHER;3;0;0;[0.6641961231470923, 0.48266129032258065, 0.02338709677419355, 0.012542759407069556, 1.0, 0.0, 0.0];;0.004435483870967742;0.1807297605473204;-0.004435483870967742;0.6641961231470923;0.48266129032258065;0.02338709677419355;0.012542759407069556;1.0;0.0;0.0;;0.004435483870967742;0.1807297605473204;-0.004435483870967742
51982;darty25.tiff;1;1;2480;3508;1266;2330;12;44;1266;2330;1278;2330;1278;2374;1266;2374;:;S;undefined;OTHER;OTHER;0;0;1;[0.6641961231470923, 0.510483870967742, 0.004838709677419355, 0.012542759407069556, 0.0, 0.0, 1.0];-0.06955530216647662;0.055645161290322584;0.1807297605473204;-0.004435483870967742;0.6641961231470923;0.510483870967742;0.004838709677419355;0.012542759407069556;0.0;0.0;1.0;-0.06955530216647662;0.055645161290322584;0.1807297605473204;-0.004435483870967742
51983;darty25.tiff;1;1;2480;3508;1416;2330;137;44;1416;2330;1553;2330;1553;2374;1416;2374;Cheque;AAAAAA;PMODE;PAYMENT_MODE;Payment Mode;6;0;0;[0.6641961231470923, 0.5709677419354838, 0.05524193548387097, 0.012542759407069556, 1.0, 0.0, 0.0];-0.06984036488027366;0.22258064516129034;0.1807297605473204;-0.055645161290322584;0.6641961231470923;0.5709677419354838;0.05524193548387097;0.012542759407069556;1.0;0.0;0.0;-0.06984036488027366;0.22258064516129034;0.1807297605473204;-0.055645161290322584
51988;darty25.tiff;1;1;2480;3508;2105;2330;114;44;2105;2330;2219;2330;2219;2374;2105;2374;526,91;NNNSNN;TA;TOTAL_AMOUNT;Total with TAX;0;5;1;[0.6641961231470923, 0.8487903225806451, 0.04596774193548387, 0.012542759407069556, 0.0, 0.8333333333333334, 0.16666666666666666];-0.06984036488027366;;0.026510832383124287;-0.22258064516129034;0.6641961231470923;0.8487903225806451;0.04596774193548387;0.012542759407069556;0.0;0.8333333333333334;0.16666666666666666;-0.06984036488027366;;0.026510832383124287;-0.22258064516129034
51984;darty25.tiff;1;1;2480;3508;1712;2467;122;44;1712;2467;1834;2467;1834;2511;1712;2511;Soldes;AAAAAA;undefined;OTHER;OTHER;6;0;0;[0.7032497149372862, 0.6903225806451613, 0.049193548387096775, 0.012542759407069556, 1.0, 0.0, 0.0];-0.1088939566704675;0.004435483870967742;0.14167616875712657;;0.7032497149372862;0.6903225806451613;0.049193548387096775;0.012542759407069556;1.0;0.0;0.0;-0.1088939566704675;0.004435483870967742;0.14167616875712657;
51985;darty25.tiff;1;1;2480;3508;1845;2467;20;44;1845;2467;1865;2467;1865;2511;1845;2511;à;A;undefined;OTHER;OTHER;1;0;0;[0.7032497149372862, 0.7439516129032258, 0.008064516129032258, 0.012542759407069556, 1.0, 0.0, 0.0];;0.004838709677419355;0.18443557582668188;-0.004435483870967742;0.7032497149372862;0.7439516129032258;0.008064516129032258;0.012542759407069556;1.0;0.0;0.0;;0.004838709677419355;0.18443557582668188;-0.004435483870967742
51986;darty25.tiff;1;1;2480;3508;1877;2467;104;44;1877;2467;1981;2467;1981;2511;1877;2511;régler;AAAAAA;undefined;OTHER;OTHER;6;0;0;[0.7032497149372862, 0.7568548387096774, 0.041935483870967745, 0.012542759407069556, 1.0, 0.0, 0.0];-0.34720638540478904;0.004032258064516129;;-0.004838709677419355;0.7032497149372862;0.7568548387096774;0.041935483870967745;0.012542759407069556;1.0;0.0;0.0;-0.34720638540478904;0.004032258064516129;;-0.004838709677419355
51987;darty25.tiff;1;1;2480;3508;1991;2467;12;44;1991;2467;2003;2467;2003;2511;1991;2511;:;S;undefined;OTHER;OTHER;0;0;1;[0.7032497149372862, 0.8028225806451613, 0.004838709677419355, 0.012542759407069556, 0.0, 0.0, 1.0];;0.04112903225806452;;-0.004032258064516129;0.7032497149372862;0.8028225806451613;0.004838709677419355;0.012542759407069556;0.0;0.0;1.0;;0.04112903225806452;;-0.004032258064516129
51989;darty25.tiff;1;1;2480;3508;2105;2467;72;44;2105;2467;2177;2467;2177;2511;2105;2511;0,00;NSNN;undefined;OTHER;OTHER;0;3;1;[0.7032497149372862, 0.8487903225806451, 0.02903225806451613, 0.012542759407069556, 0.0, 0.75, 0.25];-0.026510832383124287;;;-0.04112903225806452;0.7032497149372862;0.8487903225806451;0.02903225806451613;0.012542759407069556;0.0;0.75;0.25;-0.026510832383124287;;;-0.04112903225806452
51990;darty25.tiff;1;1;2480;3508;667;3008;42;33;667;3008;709;3008;709;3041;667;3041;UN;AA;SN;SUPPLIER_NAME;Seller/Company) name;2;0;0;[0.8574686431014823, 0.26895161290322583, 0.016935483870967744, 0.009407069555302166, 1.0, 0.0, 0.0];-0.3218358038768529;0.0036290322580645163;0.022519954389965794;;0.8574686431014823;0.26895161290322583;0.016935483870967744;0.009407069555302166;1.0;0.0;0.0;-0.3218358038768529;0.0036290322580645163;0.022519954389965794;
51991;darty25.tiff;1;1;2480;3508;718;3008;79;33;718;3008;797;3008;797;3041;718;3041;JOUR;AAAA;SN;SUPPLIER_NAME;Seller/Company) name;4;0;0;[0.8574686431014823, 0.28951612903225804, 0.03185483870967742, 0.009407069555302166, 1.0, 0.0, 0.0];;0.0032258064516129032;;-0.0036290322580645163;0.8574686431014823;0.28951612903225804;0.03185483870967742;0.009407069555302166;1.0;0.0;0.0;;0.0032258064516129032;;-0.0036290322580645163
51992;darty25.tiff;1;1;2480;3508;805;3008;141;33;805;3008;946;3008;946;3041;805;3041;AILLEURS;AAAAAAAA;SN;SUPPLIER_NAME;Seller/Company) name;8;0;0;[0.8574686431014823, 0.3245967741935484, 0.05685483870967742, 0.009407069555302166, 1.0, 0.0, 0.0];-0.1807297605473204;0.0032258064516129032;0.0011402508551881414;-0.0032258064516129032;0.8574686431014823;0.3245967741935484;0.05685483870967742;0.009407069555302166;1.0;0.0;0.0;-0.1807297605473204;0.0032258064516129032;0.0011402508551881414;-0.0032258064516129032
51994;darty25.tiff;1;1;2480;3508;954;3008;9;33;954;3008;963;3008;963;3041;954;3041;-;S;undefined;OTHER;OTHER;0;0;1;[0.8574686431014823, 0.38467741935483873, 0.0036290322580645163, 0.009407069555302166, 0.0, 0.0, 1.0];;0.0036290322580645163;0.0011402508551881414;-0.0032258064516129032;0.8574686431014823;0.38467741935483873;0.0036290322580645163;0.009407069555302166;0.0;0.0;1.0;;0.0036290322580645163;0.0011402508551881414;-0.0032258064516129032
51995;darty25.tiff;1;1;2480;3508;972;3008;61;33;972;3008;1033;3008;1033;3041;972;3041;SNC;AAA;undefined;OTHER;OTHER;3;0;0;[0.8574686431014823, 0.3919354838709677, 0.024596774193548387, 0.009407069555302166, 1.0, 0.0, 0.0];;0.0036290322580645163;;-0.0036290322580645163;0.8574686431014823;0.3919354838709677;0.024596774193548387;0.009407069555302166;1.0;0.0;0.0;;0.0036290322580645163;;-0.0036290322580645163
51996;darty25.tiff;1;1;2480;3508;1042;3008;32;33;1042;3008;1074;3008;1074;3041;1042;3041;au;AA;undefined;OTHER;OTHER;2;0;0;[0.8574686431014823, 0.42016129032258065, 0.012903225806451613, 0.009407069555302166, 1.0, 0.0, 0.0];;0.0032258064516129032;;-0.0036290322580645163;0.8574686431014823;0.42016129032258065;0.012903225806451613;0.009407069555302166;1.0;0.0;0.0;;0.0032258064516129032;;-0.0036290322580645163
51997;darty25.tiff;1;1;2480;3508;1082;3008;84;33;1082;3008;1166;3008;1166;3041;1082;3041;capital;AAAAAAA;undefined;OTHER;OTHER;7;0;0;[0.8574686431014823, 0.43629032258064515, 0.03387096774193549, 0.009407069555302166, 1.0, 0.0, 0.0];-0.1807297605473204;0.0036290322580645163;0.0011402508551881414;-0.0032258064516129032;0.8574686431014823;0.43629032258064515;0.03387096774193549;0.009407069555302166;1.0;0.0;0.0;-0.1807297605473204;0.0036290322580645163;0.0011402508551881414;-0.0032258064516129032
51998;darty25.tiff;1;1;2480;3508;1175;3008;32;33;1175;3008;1207;3008;1207;3041;1175;3041;de;AA;undefined;OTHER;OTHER;2;0;0;[0.8574686431014823, 0.4737903225806452, 0.012903225806451613, 0.009407069555302166, 1.0, 0.0, 0.0];-0.1807297605473204;0.0032258064516129032;0.0011402508551881414;-0.0036290322580645163;0.8574686431014823;0.4737903225806452;0.012903225806451613;0.009407069555302166;1.0;0.0;0.0;-0.1807297605473204;0.0032258064516129032;0.0011402508551881414;-0.0036290322580645163
51999;darty25.tiff;1;1;2480;3508;1215;3008;97;33;1215;3008;1312;3008;1312;3041;1215;3041;521008;NNNNNN;undefined;OTHER;OTHER;0;6;0;[0.8574686431014823, 0.4899193548387097, 0.039112903225806454, 0.009407069555302166, 0.0, 1.0, 0.0];-0.1807297605473204;0.0036290322580645163;0.0011402508551881414;-0.0032258064516129032;0.8574686431014823;0.4899193548387097;0.039112903225806454;0.009407069555302166;0.0;1.0;0.0;-0.1807297605473204;0.0036290322580645163;0.0011402508551881414;-0.0032258064516129032
52000;darty25.tiff;1;1;2480;3508;1321;3008;45;33;1321;3008;1366;3008;1366;3041;1321;3041;Eur;AAA;undefined;OTHER;OTHER;3;0;0;[0.8574686431014823, 0.5326612903225807, 0.018145161290322582, 0.009407069555302166, 1.0, 0.0, 0.0];-0.36659064994298746;0.0032258064516129032;0.0011402508551881414;-0.0036290322580645163;0.8574686431014823;0.5326612903225807;0.018145161290322582;0.009407069555302166;1.0;0.0;0.0;-0.36659064994298746;0.0032258064516129032;0.0011402508551881414;-0.0036290322580645163
52001;darty25.tiff;1;1;2480;3508;1374;3008;9;33;1374;3008;1383;3008;1383;3041;1374;3041;-;S;undefined;OTHER;OTHER;0;0;1;[0.8574686431014823, 0.5540322580645162, 0.0036290322580645163, 0.009407069555302166, 0.0, 0.0, 1.0];;0.0068548387096774195;;-0.0032258064516129032;0.8574686431014823;0.5540322580645162;0.0036290322580645163;0.009407069555302166;0.0;0.0;1.0;;0.0068548387096774195;;-0.0032258064516129032
52003;darty25.tiff;1;1;2480;3508;1400;3008;59;33;1400;3008;1459;3008;1459;3041;1400;3041;Siret;AAAAA;undefined;OTHER;OTHER;5;0;0;[0.8574686431014823, 0.5645161290322581, 0.02379032258064516, 0.009407069555302166, 1.0, 0.0, 0.0];-0.1807297605473204;0.0036290322580645163;0.0011402508551881414;-0.0068548387096774195;0.8574686431014823;0.5645161290322581;0.02379032258064516;0.009407069555302166;1.0;0.0;0.0;-0.1807297605473204;0.0036290322580645163;0.0011402508551881414;-0.0068548387096774195
52004;darty25.tiff;1;1;2480;3508;1468;3008;48;33;1468;3008;1516;3008;1516;3041;1468;3041;719;NNN;SSIRET;SUPPLIER_SIRET;Seller Siret;0;3;0;[0.8574686431014823, 0.5919354838709677, 0.01935483870967742, 0.009407069555302166, 0.0, 1.0, 0.0];;0.0036290322580645163;0.0011402508551881414;-0.0036290322580645163;0.8574686431014823;0.5919354838709677;0.01935483870967742;0.009407069555302166;0.0;1.0;0.0;;0.0036290322580645163;0.0011402508551881414;-0.0036290322580645163
52005;darty25.tiff;1;1;2480;3508;1525;3008;48;33;1525;3008;1573;3008;1573;3041;1525;3041;214;NNN;SSIRET;SUPPLIER_SIRET;Seller Siret;0;3;0;[0.8574686431014823, 0.6149193548387096, 0.01935483870967742, 0.009407069555302166, 0.0, 1.0, 0.0];;0.0036290322580645163;0.0011402508551881414;-0.0036290322580645163;0.8574686431014823;0.6149193548387096;0.01935483870967742;0.009407069555302166;0.0;1.0;0.0;;0.0036290322580645163;0.0011402508551881414;-0.0036290322580645163
52006;darty25.tiff;1;1;2480;3508;1582;3008;48;33;1582;3008;1630;3008;1630;3041;1582;3041;309;NNN;SSIRET;SUPPLIER_SIRET;Seller Siret;0;3;0;[0.8574686431014823, 0.6379032258064516, 0.01935483870967742, 0.009407069555302166, 0.0, 1.0, 0.0];;0.0032258064516129032;;-0.0036290322580645163;0.8574686431014823;0.6379032258064516;0.01935483870967742;0.009407069555302166;0.0;1.0;0.0;;0.0032258064516129032;;-0.0036290322580645163
52007;darty25.tiff;1;1;2480;3508;1638;3008;81;33;1638;3008;1719;3008;1719;3041;1638;3041;26702;NNNNN;SSIRET;SUPPLIER_SIRET;Seller Siret;0;5;0;[0.8574686431014823, 0.660483870967742, 0.032661290322580645, 0.009407069555302166, 0.0, 1.0, 0.0];-0.14167616875712657;0.0036290322580645163;;-0.0032258064516129032;0.8574686431014823;0.660483870967742;0.032661290322580645;0.009407069555302166;0.0;1.0;0.0;-0.14167616875712657;0.0036290322580645163;;-0.0032258064516129032
52009;darty25.tiff;1;1;2480;3508;1728;3008;9;33;1728;3008;1737;3008;1737;3041;1728;3041;-;S;undefined;OTHER;OTHER;0;0;1;[0.8574686431014823, 0.6967741935483871, 0.0036290322580645163, 0.009407069555302166, 0.0, 0.0, 1.0];;0.0032258064516129032;0.022519954389965794;-0.0036290322580645163;0.8574686431014823;0.6967741935483871;0.0036290322580645163;0.009407069555302166;0.0;0.0;1.0;;0.0032258064516129032;0.022519954389965794;-0.0036290322580645163
52010;darty25.tiff;1;1;2480;3508;1745;3008;58;33;1745;3008;1803;3008;1803;3041;1745;3041;NAF;AAA;undefined;OTHER;OTHER;3;0;0;[0.8574686431014823, 0.7036290322580645, 0.02338709677419355, 0.009407069555302166, 1.0, 0.0, 0.0];;;;-0.0032258064516129032;0.8574686431014823;0.7036290322580645;0.02338709677419355;0.009407069555302166;1.0;0.0;0.0;;;;-0.0032258064516129032
52011;darty25.tiff;1;1;2480;3508;810;3045;106;33;810;3045;916;3045;916;3078;810;3078;Adresse;AAAAAAA;SA;SUPPLIER_ADDRESS;Seller Address;7;0;0;[0.8680159635119726, 0.32661290322580644, 0.042741935483870966, 0.009407069555302166, 1.0, 0.0, 0.0];-0.0011402508551881414;0.0036290322580645163;0.011972633979475485;;0.8680159635119726;0.32661290322580644;0.042741935483870966;0.009407069555302166;1.0;0.0;0.0;-0.0011402508551881414;0.0036290322580645163;0.011972633979475485;
52012;darty25.tiff;1;1;2480;3508;925;3045;8;33;925;3045;933;3045;933;3078;925;3078;:;S;SA;SUPPLIER_ADDRESS;Seller Address;0;0;1;[0.8680159635119726, 0.37298387096774194, 0.0032258064516129032, 0.009407069555302166, 0.0, 0.0, 1.0];;0.0032258064516129032;0.011972633979475485;-0.0036290322580645163;0.8680159635119726;0.37298387096774194;0.0032258064516129032;0.009407069555302166;0.0;0.0;1.0;;0.0032258064516129032;0.011972633979475485;-0.0036290322580645163
52013;darty25.tiff;1;1;2480;3508;941;3045;102;33;941;3045;1043;3045;1043;3078;941;3078;ROUTE;AAAAA;SA;SUPPLIER_ADDRESS;Seller Address;5;0;0;[0.8680159635119726, 0.37943548387096776, 0.04112903225806452, 0.009407069555302166, 1.0, 0.0, 0.0];-0.0011402508551881414;0.0036290322580645163;;-0.0032258064516129032;0.8680159635119726;0.37943548387096776;0.04112903225806452;0.009407069555302166;1.0;0.0;0.0;-0.0011402508551881414;0.0036290322580645163;;-0.0032258064516129032
52014;darty25.tiff;1;1;2480;3508;1052;3045;40;33;1052;3045;1092;3045;1092;3078;1052;3078;DE;AA;SA;SUPPLIER_ADDRESS;Seller Address;2;0;0;[0.8680159635119726, 0.4241935483870968, 0.016129032258064516, 0.009407069555302166, 1.0, 0.0, 0.0];-0.0011402508551881414;0.0032258064516129032;0.0014253135689851768;-0.0036290322580645163;0.8680159635119726;0.4241935483870968;0.016129032258064516;0.009407069555302166;1.0;0.0;0.0;-0.0011402508551881414;0.0032258064516129032;0.0014253135689851768;-0.0036290322580645163
52015;darty25.tiff;1;1;2480;3508;1100;3045;85;33;1100;3045;1185;3045;1185;3078;1100;3078;SAINT;AAAAA;SA;SUPPLIER_ADDRESS;Seller Address;5;0;0;[0.8680159635119726, 0.4435483870967742, 0.034274193548387094, 0.009407069555302166, 1.0, 0.0, 0.0];-0.0011402508551881414;0.0036290322580645163;;-0.0032258064516129032;0.8680159635119726;0.4435483870967742;0.034274193548387094;0.009407069555302166;1.0;0.0;0.0;-0.0011402508551881414;0.0036290322580645163;;-0.0032258064516129032
52016;darty25.tiff;1;1;2480;3508;1194;3045;82;33;1194;3045;1276;3045;1276;3078;1194;3078;MALO;AAAA;SA;SUPPLIER_ADDRESS;Seller Address;4;0;0;[0.8680159635119726, 0.4814516129032258, 0.03306451612903226, 0.009407069555302166, 1.0, 0.0, 0.0];-0.0011402508551881414;0.0068548387096774195;0.0014253135689851768;-0.0036290322580645163;0.8680159635119726;0.4814516129032258;0.03306451612903226;0.009407069555302166;1.0;0.0;0.0;-0.0011402508551881414;0.0068548387096774195;0.0014253135689851768;-0.0036290322580645163
52018;darty25.tiff;1;1;2480;3508;1293;3045;9;33;1293;3045;1302;3045;1302;3078;1293;3078;-;S;undefined;OTHER;OTHER;0;0;1;[0.8680159635119726, 0.5213709677419355, 0.0036290322580645163, 0.009407069555302166, 0.0, 0.0, 1.0];;0.0036290322580645163;0.0014253135689851768;-0.0068548387096774195;0.8680159635119726;0.5213709677419355;0.0036290322580645163;0.009407069555302166;0.0;0.0;1.0;;0.0036290322580645163;0.0014253135689851768;-0.0068548387096774195
52019;darty25.tiff;1;1;2480;3508;1311;3045;81;33;1311;3045;1392;3045;1392;3078;1311;3078;35760;NNNNN;SA;SUPPLIER_ADDRESS;Seller Address;0;5;0;[0.8680159635119726, 0.5286290322580646, 0.032661290322580645, 0.009407069555302166, 0.0, 1.0, 0.0];-0.0011402508551881414;0.0032258064516129032;;-0.0036290322580645163;0.8680159635119726;0.5286290322580646;0.032661290322580645;0.009407069555302166;0.0;1.0;0.0;-0.0011402508551881414;0.0032258064516129032;;-0.0036290322580645163
52020;darty25.tiff;1;1;2480;3508;1400;3045;9;33;1400;3045;1409;3045;1409;3078;1400;3078;-;S;SA;SUPPLIER_ADDRESS;Seller Address;0;0;1;[0.8680159635119726, 0.5645161290322581, 0.0036290322580645163, 0.009407069555302166, 0.0, 0.0, 1.0];-0.0011402508551881414;0.0036290322580645163;0.0014253135689851768;-0.0032258064516129032;0.8680159635119726;0.5645161290322581;0.0036290322580645163;0.009407069555302166;0.0;0.0;1.0;-0.0011402508551881414;0.0036290322580645163;0.0014253135689851768;-0.0032258064516129032
52021;darty25.tiff;1;1;2480;3508;1418;3045;85;33;1418;3045;1503;3045;1503;3078;1418;3078;SAINT;AAAAA;SA;SUPPLIER_ADDRESS;Seller Address;5;0;0;[0.8680159635119726, 0.5717741935483871, 0.034274193548387094, 0.009407069555302166, 1.0, 0.0, 0.0];-0.0011402508551881414;0.0036290322580645163;;-0.0036290322580645163;0.8680159635119726;0.5717741935483871;0.034274193548387094;0.009407069555302166;1.0;0.0;0.0;-0.0011402508551881414;0.0036290322580645163;;-0.0036290322580645163
52022;darty25.tiff;1;1;2480;3508;1512;3045;157;33;1512;3045;1669;3045;1669;3078;1512;3078;GREGOIRE;AAAAAAAA;SA;SUPPLIER_ADDRESS;Seller Address;8;0;0;[0.8680159635119726, 0.6096774193548387, 0.06330645161290323, 0.009407069555302166, 1.0, 0.0, 0.0];-0.0011402508551881414;;;-0.0036290322580645163;0.8680159635119726;0.6096774193548387;0.06330645161290323;0.009407069555302166;1.0;0.0;0.0;-0.0011402508551881414;;;-0.0036290322580645163
52023;darty25.tiff;1;1;2480;3508;1074;3083;56;33;1074;3083;1130;3083;1130;3116;1074;3116;VAT;AAA;undefined;OTHER;OTHER;3;0;0;[0.87884834663626, 0.43306451612903224, 0.02258064516129032, 0.009407069555302166, 1.0, 0.0, 0.0];-0.0014253135689851768;0.0036290322580645163;0.0011402508551881414;;0.87884834663626;0.43306451612903224;0.02258064516129032;0.009407069555302166;1.0;0.0;0.0;-0.0014253135689851768;0.0036290322580645163;0.0011402508551881414;
52024;darty25.tiff;1;1;2480;3508;1139;3083;8;33;1139;3083;1147;3083;1147;3116;1139;3116;:;S;undefined;OTHER;OTHER;0;0;1;[0.87884834663626, 0.4592741935483871, 0.0032258064516129032, 0.009407069555302166, 0.0, 0.0, 1.0];;0.0032258064516129032;0.0011402508551881414;-0.0036290322580645163;0.87884834663626;0.4592741935483871;0.0032258064516129032;0.009407069555302166;0.0;0.0;1.0;;0.0032258064516129032;0.0011402508551881414;-0.0036290322580645163
52025;darty25.tiff;1;1;2480;3508;1155;3083;38;33;1155;3083;1193;3083;1193;3116;1155;3116;FR;AA;SVAT;SUPPLIER_VAT;Seller Vat Number/TVA;2;0;0;[0.87884834663626, 0.4657258064516129, 0.01532258064516129, 0.009407069555302166, 1.0, 0.0, 0.0];;0.0036290322580645163;;-0.0032258064516129032;0.87884834663626;0.4657258064516129;0.01532258064516129;0.009407069555302166;1.0;0.0;0.0;;0.0036290322580645163;;-0.0032258064516129032
52026;darty25.tiff;1;1;2480;3508;1202;3083;32;33;1202;3083;1234;3083;1234;3116;1202;3116;62;NN;SVAT;SUPPLIER_VAT;Seller Vat Number/TVA;0;2;0;[0.87884834663626, 0.4846774193548387, 0.012903225806451613, 0.009407069555302166, 0.0, 1.0, 0.0];-0.0014253135689851768;0.0036290322580645163;;-0.0036290322580645163;0.87884834663626;0.4846774193548387;0.012903225806451613;0.009407069555302166;0.0;1.0;0.0;-0.0014253135689851768;0.0036290322580645163;;-0.0036290322580645163
52027;darty25.tiff;1;1;2480;3508;1243;3083;48;33;1243;3083;1291;3083;1291;3116;1243;3116;719;NNN;SVAT;SUPPLIER_VAT;Seller Vat Number/TVA;0;3;0;[0.87884834663626, 0.5012096774193548, 0.01935483870967742, 0.009407069555302166, 0.0, 1.0, 0.0];;0.0036290322580645163;0.0011402508551881414;-0.0036290322580645163;0.87884834663626;0.5012096774193548;0.01935483870967742;0.009407069555302166;0.0;1.0;0.0;;0.0036290322580645163;0.0011402508551881414;-0.0036290322580645163
52028;darty25.tiff;1;1;2480;3508;1300;3083;48;33;1300;3083;1348;3083;1348;3116;1300;3116;214;NNN;SVAT;SUPPLIER_VAT;Seller Vat Number/TVA;0;3;0;[0.87884834663626, 0.5241935483870968, 0.01935483870967742, 0.009407069555302166, 0.0, 1.0, 0.0];-0.0014253135689851768;0.0032258064516129032;0.0011402508551881414;-0.0036290322580645163;0.87884834663626;0.5241935483870968;0.01935483870967742;0.009407069555302166;0.0;1.0;0.0;-0.0014253135689851768;0.0032258064516129032;0.0011402508551881414;-0.0036290322580645163
52029;darty25.tiff;1;1;2480;3508;1356;3083;48;33;1356;3083;1404;3083;1404;3116;1356;3116;309;NNN;SVAT;SUPPLIER_VAT;Seller Vat Number/TVA;0;3;0;[0.87884834663626, 0.5467741935483871, 0.01935483870967742, 0.009407069555302166, 0.0, 1.0, 0.0];-0.0014253135689851768;;;-0.0032258064516129032;0.87884834663626;0.5467741935483871;0.01935483870967742;0.009407069555302166;0.0;1.0;0.0;-0.0014253135689851768;;;-0.0032258064516129032
52030;darty25.tiff;1;1;2480;3508;677;3120;82;33;677;3120;759;3120;759;3153;677;3153;Notice;AAAAAA;undefined;OTHER;OTHER;6;0;0;[0.8893956670467503, 0.27298387096774196, 0.03306451612903226, 0.009407069555302166, 1.0, 0.0, 0.0];-0.022519954389965794;0.0036290322580645163;0.0014253135689851768;;0.8893956670467503;0.27298387096774196;0.03306451612903226;0.009407069555302166;1.0;0.0;0.0;-0.022519954389965794;0.0036290322580645163;0.0014253135689851768;
52031;darty25.tiff;1;1;2480;3508;768;3120;105;33;768;3120;873;3120;873;3153;768;3153;officielle;AAAAAAAAAA;undefined;OTHER;OTHER;10;0;0;[0.8893956670467503, 0.3096774193548387, 0.04233870967741935, 0.009407069555302166, 1.0, 0.0, 0.0];-0.011972633979475485;0.0032258064516129032;;-0.0036290322580645163;0.8893956670467503;0.3096774193548387;0.04233870967741935;0.009407069555302166;1.0;0.0;0.0;-0.011972633979475485;0.0032258064516129032;;-0.0036290322580645163
52032;darty25.tiff;1;1;2480;3508;881;3120;166;33;881;3120;1047;3120;1047;3153;881;3153;d'information;ASAAAAAAAAAAA;undefined;OTHER;OTHER;12;0;1;[0.8893956670467503, 0.35524193548387095, 0.06693548387096775, 0.009407069555302166, 0.9230769230769231, 0.0, 0.07692307692307693];-0.011972633979475485;0.0032258064516129032;;-0.0032258064516129032;0.8893956670467503;0.35524193548387095;0.06693548387096775;0.009407069555302166;0.9230769230769231;0.0;0.07692307692307693;-0.011972633979475485;0.0032258064516129032;;-0.0032258064516129032
52033;darty25.tiff;1;1;2480;3508;1055;3120;40;33;1055;3120;1095;3120;1095;3153;1055;3153;sur;AAA;undefined;OTHER;OTHER;3;0;0;[0.8893956670467503, 0.4254032258064516, 0.016129032258064516, 0.009407069555302166, 1.0, 0.0, 0.0];-0.0011402508551881414;0.0036290322580645163;0.0014253135689851768;-0.0032258064516129032;0.8893956670467503;0.4254032258064516;0.016129032258064516;0.009407069555302166;1.0;0.0;0.0;-0.0011402508551881414;0.0036290322580645163;0.0014253135689851768;-0.0032258064516129032
52034;darty25.tiff;1;1;2480;3508;1104;3120;22;33;1104;3120;1126;3120;1126;3153;1104;3153;la;AA;undefined;OTHER;OTHER;2;0;0;[0.8893956670467503, 0.44516129032258067, 0.008870967741935484, 0.009407069555302166, 1.0, 0.0, 0.0];;0.0036290322580645163;;-0.0036290322580645163;0.8893956670467503;0.44516129032258067;0.008870967741935484;0.009407069555302166;1.0;0.0;0.0;;0.0036290322580645163;;-0.0036290322580645163
52035;darty25.tiff;1;1;2480;3508;1135;3120;69;33;1135;3120;1204;3120;1204;3153;1135;3153;copie;AAAAA;undefined;OTHER;OTHER;5;0;0;[0.8893956670467503, 0.4576612903225806, 0.027822580645161292, 0.009407069555302166, 1.0, 0.0, 0.0];-0.0011402508551881414;0.0032258064516129032;;-0.0036290322580645163;0.8893956670467503;0.4576612903225806;0.027822580645161292;0.009407069555302166;1.0;0.0;0.0;-0.0011402508551881414;0.0032258064516129032;;-0.0036290322580645163
52036;darty25.tiff;1;1;2480;3508;1212;3120;79;33;1212;3120;1291;3120;1291;3153;1212;3153;privée;AAAAAA;undefined;OTHER;OTHER;6;0;0;[0.8893956670467503, 0.48870967741935484, 0.03185483870967742, 0.009407069555302166, 1.0, 0.0, 0.0];-0.0011402508551881414;0.0036290322580645163;0.0014253135689851768;-0.0032258064516129032;0.8893956670467503;0.48870967741935484;0.03185483870967742;0.009407069555302166;1.0;0.0;0.0;-0.0011402508551881414;0.0036290322580645163;0.0014253135689851768;-0.0032258064516129032
52037;darty25.tiff;1;1;2480;3508;1300;3120;8;33;1300;3120;1308;3120;1308;3153;1300;3153;:;S;undefined;OTHER;OTHER;0;0;1;[0.8893956670467503, 0.5241935483870968, 0.0032258064516129032, 0.009407069555302166, 0.0, 0.0, 1.0];-0.0011402508551881414;0.0032258064516129032;0.0014253135689851768;-0.0036290322580645163;0.8893956670467503;0.5241935483870968;0.0032258064516129032;0.009407069555302166;0.0;0.0;1.0;-0.0011402508551881414;0.0032258064516129032;0.0014253135689851768;-0.0036290322580645163
52038;darty25.tiff;1;1;2480;3508;1316;3120;486;33;1316;3120;1802;3120;1802;3153;1316;3153;http://www.copieprivee.culture.gouv.fr;AAAASSSAAASAAAAAAAAAAASAAAAAAASAAAASAA;undefined;OTHER;OTHER;31;0;7;[0.8893956670467503, 0.5306451612903226, 0.19596774193548386, 0.009407069555302166, 0.8157894736842105, 0.0, 0.18421052631578946];-0.022519954389965794;;;-0.0032258064516129032;0.8893956670467503;0.5306451612903226;0.19596774193548386;0.009407069555302166;0.8157894736842105;0.0;0.18421052631578946;-0.022519954389965794;;;-0.0032258064516129032
52039;darty25.tiff;1;1;2480;3508;586;3158;376;33;586;3158;962;3158;962;3191;586;3191;Remboursement/exoneration;AAAAAAAAAAAAASAAAAAAAAAAA;undefined;OTHER;OTHER;24;0;1;[0.9002280501710376, 0.23629032258064517, 0.15161290322580645, 0.009407069555302166, 0.96, 0.0, 0.04];-0.0014253135689851768;0.0032258064516129032;;;0.9002280501710376;0.23629032258064517;0.15161290322580645;0.009407069555302166;0.96;0.0;0.04;-0.0014253135689851768;0.0032258064516129032;;
52040;darty25.tiff;1;1;2480;3508;970;3158;32;33;970;3158;1002;3158;1002;3191;970;3191;de;AA;undefined;OTHER;OTHER;2;0;0;[0.9002280501710376, 0.3911290322580645, 0.012903225806451613, 0.009407069555302166, 1.0, 0.0, 0.0];;0.0032258064516129032;;-0.0032258064516129032;0.9002280501710376;0.3911290322580645;0.012903225806451613;0.009407069555302166;1.0;0.0;0.0;;0.0032258064516129032;;-0.0032258064516129032
52041;darty25.tiff;1;1;2480;3508;1010;3158;22;33;1010;3158;1032;3158;1032;3191;1010;3191;la;AA;undefined;OTHER;OTHER;2;0;0;[0.9002280501710376, 0.40725806451612906, 0.008870967741935484, 0.009407069555302166, 1.0, 0.0, 0.0];;0.0036290322580645163;;-0.0032258064516129032;0.9002280501710376;0.40725806451612906;0.008870967741935484;0.009407069555302166;1.0;0.0;0.0;;0.0036290322580645163;;-0.0032258064516129032
52042;darty25.tiff;1;1;2480;3508;1041;3158;171;33;1041;3158;1212;3158;1212;3191;1041;3191;rénumeration;AAAAAAAAAAAA;undefined;OTHER;OTHER;12;0;0;[0.9002280501710376, 0.419758064516129, 0.06895161290322581, 0.009407069555302166, 1.0, 0.0, 0.0];-0.0014253135689851768;0.0036290322580645163;;-0.0036290322580645163;0.9002280501710376;0.419758064516129;0.06895161290322581;0.009407069555302166;1.0;0.0;0.0;-0.0014253135689851768;0.0036290322580645163;;-0.0036290322580645163
52043;darty25.tiff;1;1;2480;3508;1221;3158;58;33;1221;3158;1279;3158;1279;3191;1221;3191;pour;AAAA;undefined;OTHER;OTHER;4;0;0;[0.9002280501710376, 0.49233870967741933, 0.02338709677419355, 0.009407069555302166, 1.0, 0.0, 0.0];-0.0014253135689851768;0.0032258064516129032;;-0.0036290322580645163;0.9002280501710376;0.49233870967741933;0.02338709677419355;0.009407069555302166;1.0;0.0;0.0;-0.0014253135689851768;0.0032258064516129032;;-0.0036290322580645163
52044;darty25.tiff;1;1;2480;3508;1287;3158;79;33;1287;3158;1366;3158;1366;3191;1287;3191;usage;AAAAA;undefined;OTHER;OTHER;5;0;0;[0.9002280501710376, 0.5189516129032258, 0.03185483870967742, 0.009407069555302166, 1.0, 0.0, 0.0];-0.0014253135689851768;0.0036290322580645163;;-0.0032258064516129032;0.9002280501710376;0.5189516129032258;0.03185483870967742;0.009407069555302166;1.0;0.0;0.0;-0.0014253135689851768;0.0036290322580645163;;-0.0032258064516129032
52045;darty25.tiff;1;1;2480;3508;1375;3158;173;33;1375;3158;1548;3158;1548;3191;1375;3191;professionnel;AAAAAAAAAAAAA;undefined;OTHER;OTHER;13;0;0;[0.9002280501710376, 0.5544354838709677, 0.06975806451612904, 0.009407069555302166, 1.0, 0.0, 0.0];;0.0036290322580645163;;-0.0036290322580645163;0.9002280501710376;0.5544354838709677;0.06975806451612904;0.009407069555302166;1.0;0.0;0.0;;0.0036290322580645163;;-0.0036290322580645163
52046;darty25.tiff;1;1;2480;3508;1557;3158;8;33;1557;3158;1565;3158;1565;3191;1557;3191;:;S;undefined;OTHER;OTHER;0;0;1;[0.9002280501710376, 0.6278225806451613, 0.0032258064516129032, 0.009407069555302166, 0.0, 0.0, 1.0];;0.0032258064516129032;;-0.0036290322580645163;0.9002280501710376;0.6278225806451613;0.0032258064516129032;0.009407069555302166;0.0;0.0;1.0;;0.0032258064516129032;;-0.0036290322580645163
52047;darty25.tiff;1;1;2480;3508;1573;3158;320;33;1573;3158;1893;3158;1893;3191;1573;3191;http://www.copiefrance.fr;AAAASSSAAASAAAAAAAAAAASAA;undefined;OTHER;OTHER;20;0;5;[0.9002280501710376, 0.6342741935483871, 0.12903225806451613, 0.009407069555302166, 0.8, 0.0, 0.2];-0.18443557582668188;;;-0.0032258064516129032;0.9002280501710376;0.6342741935483871;0.12903225806451613;0.009407069555302166;0.8;0.0;0.2;-0.18443557582668188;;;-0.0032258064516129032
