src;num_pages;page_id;page_width;page_height;id;col;row;width;height;x1;y1;x2;y2;x3;y3;x4;y4;contents;contents_masked;correctclass;tag;description
invoice-730.tiff;1;1;2480;3508;90070;1541;62;162;175;1541;62;1703;62;1703;237;1541;237;common/logo;AAAAAASAAAA;img;IMAGE;Image
invoice-730.tiff;1;1;2480;3508;90057;124;237;69;48;124;237;193;237;193;285;124;285;Tel:;AAAS;undefined;OTHER;OTHER
invoice-730.tiff;1;1;2480;3508;90058;256;237;287;48;256;237;543;237;543;285;256;285;09-56-88-26-95;NNSNNSNNSNNSNN;SCN;SUPPLIER_CONTACT_NUMBER;Seller Contact Number
invoice-730.tiff;1;1;2480;3508;90061;833;237;53;49;833;237;886;237;886;286;833;286;LE;AA;SN;SUPPLIER_NAME;Seller/Company) name
invoice-730.tiff;1;1;2480;3508;90062;898;237;169;49;898;237;1067;237;1067;286;898;286;VESUVE;AAAAAA;SN;SUPPLIER_NAME;Seller/Company) name
invoice-730.tiff;1;1;2480;3508;90059;124;285;81;48;124;285;205;285;205;333;124;333;Fax:;AAAS;undefined;OTHER;OTHER
invoice-730.tiff;1;1;2480;3508;90060;268;285;287;48;268;285;555;285;555;333;268;333;09-56-88-89-78;NNSNNSNNSNNSNN;SFAX;SUPPLIER_FAX_NUMBER;Seller Fax Number
invoice-730.tiff;1;1;2480;3508;90063;833;287;46;48;833;287;879;287;879;335;833;335;26;NN;SA;SUPPLIER_ADDRESS;Seller Address
invoice-730.tiff;1;1;2480;3508;90064;891;287;87;48;891;287;978;287;978;335;891;335;RUE;AAA;SA;SUPPLIER_ADDRESS;Seller Address
invoice-730.tiff;1;1;2480;3508;90065;990;287;125;48;990;287;1115;287;1115;335;990;335;LOUIS;AAAAA;SA;SUPPLIER_ADDRESS;Seller Address
invoice-730.tiff;1;1;2480;3508;90066;1127;287;203;48;1127;287;1330;287;1330;335;1127;335;BARTHOU;AAAAAAA;SA;SUPPLIER_ADDRESS;Seller Address
invoice-730.tiff;1;1;2480;3508;90067;833;335;115;48;833;335;948;335;948;383;833;383;88000;NNNNN;SA;SUPPLIER_ADDRESS;Seller Address
invoice-730.tiff;1;1;2480;3508;90068;990;335;148;48;990;335;1138;335;1138;383;990;383;EPINAL;AAAAAA;SA;SUPPLIER_ADDRESS;Seller Address
invoice-730.tiff;1;1;2480;3508;90069;833;383;171;48;833;383;1004;383;1004;431;833;431;FRANCE;AAAAAA;SA;SUPPLIER_ADDRESS;Seller Address
invoice-730.tiff;1;1;2480;3508;90071;124;644;165;54;124;644;289;644;289;698;124;698;Facture;AAAAAAA;undefined;OTHER;OTHER
invoice-730.tiff;1;1;2480;3508;90072;303;644;46;54;303;644;349;644;349;698;303;698;n°;AS;undefined;OTHER;OTHER
invoice-730.tiff;1;1;2480;3508;90073;750;644;335;48;750;644;1085;644;1085;692;750;692;AL-HY-283528-17;AASAASNNNNNNSNN;IN;INVOICE_NUMBER;Invoice Number
invoice-730.tiff;1;1;2480;3508;90088;1541;668;197;59;1541;668;1738;668;1738;727;1541;727;Adresse;AAAAAAA;undefined;OTHER;OTHER
invoice-730.tiff;1;1;2480;3508;90089;1752;668;272;59;1752;668;2024;668;2024;727;1752;727;Facturation;AAAAAAAAAAA;undefined;OTHER;OTHER
invoice-730.tiff;1;1;2480;3508;90074;124;720;99;54;124;720;223;720;223;774;124;774;Date;AAAA;undefined;OTHER;OTHER
invoice-730.tiff;1;1;2480;3508;90075;237;720;53;54;237;720;290;720;290;774;237;774;de;AA;undefined;OTHER;OTHER
invoice-730.tiff;1;1;2480;3508;90076;303;720;38;54;303;720;341;720;341;774;303;774;la;AA;undefined;OTHER;OTHER
invoice-730.tiff;1;1;2480;3508;90077;354;720;152;54;354;720;506;720;506;774;354;774;facture;AAAAAAA;undefined;OTHER;OTHER
invoice-730.tiff;1;1;2480;3508;90078;750;720;46;48;750;720;796;720;796;768;750;768;29;NN;IDATE;INVOICE_DATE;Invoice Date
invoice-730.tiff;1;1;2480;3508;90079;807;720;55;48;807;720;862;720;862;768;807;768;jun;AAA;IDATE;INVOICE_DATE;Invoice Date
invoice-730.tiff;1;1;2480;3508;90080;875;720;92;48;875;720;967;720;967;768;875;768;1988;NNNN;IDATE;INVOICE_DATE;Invoice Date
invoice-730.tiff;1;1;2480;3508;90090;1541;728;83;49;1541;728;1624;728;1624;777;1541;777;Prof;AAAA;BN;BILLING_NAME;Billing Name
invoice-730.tiff;1;1;2480;3508;90091;1636;728;145;49;1636;728;1781;728;1781;777;1636;777;Mathéo;AAAAAA;BN;BILLING_NAME;Billing Name
invoice-730.tiff;1;1;2480;3508;90092;1793;728;111;49;1793;728;1904;728;1904;777;1793;777;Morel;AAAAA;BN;BILLING_NAME;Billing Name
invoice-730.tiff;1;1;2480;3508;90093;1541;777;104;48;1541;777;1645;777;1645;825;1541;825;5094,;NNNNS;BA;BILLING_ADDRESS;Billing Address
invoice-730.tiff;1;1;2480;3508;90094;1657;777;115;48;1657;777;1772;777;1772;825;1657;825;farges;AAAAAA;BA;BILLING_ADDRESS;Billing Address
invoice-730.tiff;1;1;2480;3508;90081;124;795;249;54;124;795;373;795;373;849;124;849;Commande;AAAAAAAA;undefined;OTHER;OTHER
invoice-730.tiff;1;1;2480;3508;90082;387;795;46;54;387;795;433;795;433;849;387;849;n°;AS;undefined;OTHER;OTHER
invoice-730.tiff;1;1;2480;3508;90083;750;795;171;48;750;795;921;795;921;843;750;843;AL-G-0-5;AASASNSN;ONUM;ORDER_NUMBER;Order Number
invoice-730.tiff;1;1;2480;3508;90095;1541;826;115;48;1541;826;1656;826;1656;874;1541;874;63820;NNNNN;BA;BILLING_ADDRESS;Billing Address
invoice-730.tiff;1;1;2480;3508;90096;1699;826;141;48;1699;826;1840;826;1840;874;1699;874;Briffons;AAAAAAAA;BA;BILLING_ADDRESS;Billing Address
invoice-730.tiff;1;1;2480;3508;90084;124;870;106;54;124;870;230;870;230;924;124;924;Type;AAAA;undefined;OTHER;OTHER
invoice-730.tiff;1;1;2480;3508;90085;244;870;53;54;244;870;297;870;297;924;244;924;de;AA;undefined;OTHER;OTHER
invoice-730.tiff;1;1;2480;3508;90086;310;870;201;54;310;870;511;870;511;924;310;924;paiement;AAAAAAAA;undefined;OTHER;OTHER
invoice-730.tiff;1;1;2480;3508;90087;750;870;57;48;750;870;807;870;807;918;750;918;CB;AA;PMODE;PAYMENT_MODE;Payment Mode
invoice-730.tiff;1;1;2480;3508;90097;1541;874;129;48;1541;874;1670;874;1670;922;1541;922;France;AAAAAA;BA;BILLING_ADDRESS;Billing Address
invoice-730.tiff;1;1;2480;3508;90098;211;1337;76;54;211;1337;287;1337;287;1391;211;1391;Qté;AAA;undefined;OTHER;OTHER
invoice-730.tiff;1;1;2480;3508;90099;681;1337;262;54;681;1337;943;1337;943;1391;681;1391;Désignation;AAAAAAAAAAA;undefined;OTHER;OTHER
invoice-730.tiff;1;1;2480;3508;90100;1384;1337;63;54;1384;1337;1447;1337;1447;1391;1384;1391;UP;AA;undefined;OTHER;OTHER
invoice-730.tiff;1;1;2480;3508;90101;1704;1337;91;54;1704;1337;1795;1337;1795;1391;1704;1391;TVA;AAA;undefined;OTHER;OTHER
invoice-730.tiff;1;1;2480;3508;90102;1944;1337;178;54;1944;1337;2122;1337;2122;1391;1944;1391;Montant;AAAAAAA;undefined;OTHER;OTHER
invoice-730.tiff;1;1;2480;3508;90103;2135;1337;86;54;2135;1337;2221;1337;2221;1391;2135;1391;H.T.;ASAS;undefined;OTHER;OTHER
invoice-730.tiff;1;1;2480;3508;90104;238;1412;23;49;238;1412;261;1412;261;1461;238;1461;1;N;undefined;OTHER;OTHER
invoice-730.tiff;1;1;2480;3508;90105;375;1412;71;49;375;1412;446;1412;446;1461;375;1461;Jeu;AAA;undefined;OTHER;OTHER
invoice-730.tiff;1;1;2480;3508;90106;458;1412;78;49;458;1412;536;1412;536;1461;458;1461;PS4;AAN;undefined;OTHER;OTHER
invoice-730.tiff;1;1;2480;3508;90107;548;1412;101;49;548;1412;649;1412;649;1461;548;1461;Sony;AAAA;undefined;OTHER;OTHER
invoice-730.tiff;1;1;2480;3508;90108;662;1412;118;49;662;1412;780;1412;780;1461;662;1461;Super;AAAAA;undefined;OTHER;OTHER
invoice-730.tiff;1;1;2480;3508;90109;791;1412;169;49;791;1412;960;1412;960;1461;791;1461;Stardust;AAAAAAAA;undefined;OTHER;OTHER
invoice-730.tiff;1;1;2480;3508;90110;972;1412;57;49;972;1412;1029;1412;1029;1461;972;1461;VR;AA;undefined;OTHER;OTHER
invoice-730.tiff;1;1;2480;3508;90111;1314;1412;104;49;1314;1412;1418;1412;1418;1461;1314;1461;16,66;NNSNN;undefined;OTHER;OTHER
invoice-730.tiff;1;1;2480;3508;90112;1430;1412;87;49;1430;1412;1517;1412;1517;1461;1430;1461;EUR;AAA;undefined;OTHER;OTHER
invoice-730.tiff;1;1;2480;3508;90113;1690;1412;118;49;1690;1412;1808;1412;1808;1461;1690;1461;20.0%;NNSNS;undefined;OTHER;OTHER
invoice-730.tiff;1;1;2480;3508;90114;1981;1412;104;49;1981;1412;2085;1412;2085;1461;1981;1461;16,66;NNSNN;undefined;OTHER;OTHER
invoice-730.tiff;1;1;2480;3508;90115;2097;1412;87;49;2097;1412;2184;1412;2184;1461;2097;1461;EUR;AAA;undefined;OTHER;OTHER
invoice-730.tiff;1;1;2480;3508;90116;1697;1545;165;52;1697;1545;1862;1545;1862;1597;1697;1597;Montant;AAAAAAA;undefined;OTHER;OTHER
invoice-730.tiff;1;1;2480;3508;90117;1876;1545;86;52;1876;1545;1962;1545;1962;1597;1876;1597;H.T.;ASAS;undefined;OTHER;OTHER
invoice-730.tiff;1;1;2480;3508;90118;2004;1545;104;48;2004;1545;2108;1545;2108;1593;2004;1593;16,66;NNSNN;TWTX;TOTAL_WITHOUT_TAX;TWTXS
invoice-730.tiff;1;1;2480;3508;90119;2120;1545;87;48;2120;1545;2207;1545;2207;1593;2120;1593;EUR;AAA;TWTX;TOTAL_WITHOUT_TAX;TWTXS
invoice-730.tiff;1;1;2480;3508;90120;1959;1598;89;52;1959;1598;2048;1598;2048;1650;1959;1650;TVA;AAA;undefined;OTHER;OTHER
invoice-730.tiff;1;1;2480;3508;90121;2090;1598;118;48;2090;1598;2208;1598;2208;1646;2090;1646;20.0%;NNSNS;TXR;TAX_RATE;Tax Rate
invoice-730.tiff;1;1;2480;3508;90122;1718;1651;165;52;1718;1651;1883;1651;1883;1703;1718;1703;Montant;AAAAAAA;undefined;OTHER;OTHER
invoice-730.tiff;1;1;2480;3508;90123;1896;1651;89;52;1896;1651;1985;1651;1985;1703;1896;1703;TVA;AAA;undefined;OTHER;OTHER
invoice-730.tiff;1;1;2480;3508;90124;2027;1651;81;48;2027;1651;2108;1651;2108;1699;2027;1699;3,33;NSNN;TTX;TOTAL_TAX;Total Tax
invoice-730.tiff;1;1;2480;3508;90125;2120;1651;87;48;2120;1651;2207;1651;2207;1699;2120;1699;EUR;AAA;TTX;TOTAL_TAX;Total Tax
invoice-730.tiff;1;1;2480;3508;90126;1695;1704;165;52;1695;1704;1860;1704;1860;1756;1695;1756;Montant;AAAAAAA;undefined;OTHER;OTHER
invoice-730.tiff;1;1;2480;3508;90127;1873;1704;89;52;1873;1704;1962;1704;1962;1756;1873;1756;TTC;AAA;undefined;OTHER;OTHER
invoice-730.tiff;1;1;2480;3508;90128;2004;1704;104;48;2004;1704;2108;1704;2108;1752;2004;1752;19,99;NNSNN;TA;TOTAL_AMOUNT;Total with TAX
invoice-730.tiff;1;1;2480;3508;90129;2120;1704;87;48;2120;1704;2207;1704;2207;1752;2120;1752;EUR;AAA;TA;TOTAL_AMOUNT;Total with TAX
invoice-730.tiff;1;1;2480;3508;90130;1187;3154;53;49;1187;3154;1240;3154;1240;3203;1187;3203;LE;AA;SN;SUPPLIER_NAME;Seller/Company) name
invoice-730.tiff;1;1;2480;3508;90131;1252;3154;169;49;1252;3154;1421;3154;1421;3203;1252;3203;VESUVE;AAAAAA;SN;SUPPLIER_NAME;Seller/Company) name
invoice-730.tiff;1;1;2480;3508;90132;1187;3203;46;48;1187;3203;1233;3203;1233;3251;1187;3251;26;NN;SA;SUPPLIER_ADDRESS;Seller Address
invoice-730.tiff;1;1;2480;3508;90133;1245;3203;87;48;1245;3203;1332;3203;1332;3251;1245;3251;RUE;AAA;SA;SUPPLIER_ADDRESS;Seller Address
invoice-730.tiff;1;1;2480;3508;90134;1344;3203;125;48;1344;3203;1469;3203;1469;3251;1344;3251;LOUIS;AAAAA;SA;SUPPLIER_ADDRESS;Seller Address
invoice-730.tiff;1;1;2480;3508;90135;1481;3203;203;48;1481;3203;1684;3203;1684;3251;1481;3251;BARTHOU;AAAAAAA;SA;SUPPLIER_ADDRESS;Seller Address
invoice-730.tiff;1;1;2480;3508;90136;1187;3251;115;48;1187;3251;1302;3251;1302;3299;1187;3299;88000;NNNNN;SA;SUPPLIER_ADDRESS;Seller Address
invoice-730.tiff;1;1;2480;3508;90137;1344;3251;148;48;1344;3251;1492;3251;1492;3299;1344;3299;EPINAL;AAAAAA;SA;SUPPLIER_ADDRESS;Seller Address
invoice-730.tiff;1;1;2480;3508;90138;1187;3300;171;48;1187;3300;1358;3300;1358;3348;1187;3348;FRANCE;AAAAAA;SA;SUPPLIER_ADDRESS;Seller Address
